VENDOR_ID,STATUS,TRACKING_SOURCE,TRACKING_ID,DATE_OF_BIRTH,EMAIL_ADDRESS,CITIZENSHIP_CONFIRMED,SALUTATION,FIRST_NAME,MIDDLE_NAME,LAST_NAME,NAME_SUFFIX,HOME_ADDRESS,HOME_UNIT,HOME_CITY,HOME_COUNTY,HOME_STATE,HOME_ZIP_CODE,MAILING_ADDRESS,MAILING_UNIT,MAILING_CITY,MAILING_COUNTY,MAILING_STATE,MAILING_ZIP_CODE,PARTY,RACE,PHONE,PHONE_TYPE,OPT_IN_TO_VENDOR_EMAIL,OPT_IN_TO_VENDOR_SMS,OPT_IN_TO_PARTNER_EMAIL,OPT_IN_TO_PARTNER_SMSROBOCALL,VOLUNTEER_FOR_VENDOR,VOLUNTEER_FOR_PARTNER,PRE_REGISTERED,REGISTRATION_DATE,FINISH_WITH_STATE,BUILT_VIA_API,SUBMITTED_VIA_STATE_API,REGISTRATION_SOURCE,SHIFT_ID,SHIFT_TYPE,OFFICE,VENDOR_A_SHIFT_ID,SALUTATION_STANDARDIZED,HAS_MAILING_ADDRESS_STANDARDIZED,HAS_STATE_LICENSE_STANDARDIZED,HAS_SSN_STANDARDIZED,PREDICTED_GENDER,ORG,EVC_ID,PROGRAM_STATE,PARTNER_ID,FIELD_START,FIELD_END
d95bafc8-f2a4-427b-9cf4-bb99f4bea973,Step 1,ffxkVZQtq,MnMcLRkBO,1960-05-29,amy78yahoo.com,true,Dr.,Steven,Lucas,James,IV,233 Gregory Extensions,2,Yolandaside,county_3,NV,54852,557 Stephanie Locks Suite 837,4,Masonstad,county_8,NH,46477,independent,unknown,+1-773-529-4744,other,false,false,false,false,false,false,false,2022-04-12 00:00:00,true,false,true,Web,8386,6006,office_2,5594,Mr.,true,false,true,female,org_5,PdrLoRgWH,DC,4355,2022-02-09 00:00:00,2022-02-09 02:00:00
e16dce72-f18e-4598-b5e1-f291d322a735,Step 1,BTWcdxxlp,RbfhebcUb,1957-08-17,david22hotmail.com,true,Dr.,Bradley,Veronica,Hernandez,II,9145 Johnson Mission,8,West Katelynberg,county_8,IN,12750,07289 Tucker Islands Apt. 544,9,Valdezside,county_3,SD,07943,republican,nativeAmerican,(221)738-0337,mobile,true,true,false,true,false,false,false,2022-03-25 00:00:00,true,false,false,Web,8621,79,office_3,581,Mx.,false,true,true,other,org_1,pggblWogn,AK,8531,2022-07-24 00:00:00,2022-07-24 02:00:00
8918b682-4f4a-453e-b430-051376e31f5a,Step 4,nRWnUZBBG,bLLdAHLlg,1997-02-14,hdiaz5gmail.com,false,Dr.,Kyle,Nancy,Gutierrez,IV,07067 Clark Radial Apt. 040,5,Savannahland,county_4,VI,64784,95672 Foster Crossing,4,North Christophermouth,county_7,IL,91288,democrat,nativeAmerican,+1-707-457-2547x876,landline,false,true,false,true,true,false,false,2022-02-14 00:00:00,false,false,false,API,1381,9599,office_2,1165,Dr.,true,false,true,male,org_1,ZfRZPcisy,IN,5397,2022-04-25 00:00:00,2022-04-25 02:00:00
1cb0a312-4978-4137-8624-857a2c2af60d,Step 2,IWBgvHpTG,qkkDTpzwY,1984-11-22,stevenhiggins3hotmail.com,false,Misc.,Brian,Joshua,King,Jr.,8513 Richard Shores Suite 057,8,Santosville,county_1,MO,28881,16834 Tracy Ridge Apt. 096,7,Williamburgh,county_8,UT,27370,democrat,asian,7819757487,mobile,true,false,false,true,true,false,false,2022-11-05 00:00:00,false,true,false,API,2209,886,office_3,8183,Mx.,false,false,true,female,org_1,sJDaxcIyK,NV,3349,2022-10-10 00:00:00,2022-10-10 02:00:00
a62923cd-7f8f-4441-8ef5-4c3dad29b40a,Step 2,ESITtequt,vPYtPPzHf,1976-01-19,petermorenogmail.com,true,Mr.,Jesse,Stephen,Hall,DVM,16535 Jones Mount,5,South Scott,county_5,NH,18046,345 Cory Freeway Suite 352,5,Port Derek,county_5,WI,72669,independent,black,(549)895-6489x1546,landline,true,true,true,false,false,true,true,2022-03-08 00:00:00,true,true,true,Tablet,5747,2737,office_6,1262,Mx.,true,false,true,female,org_5,yIsEOjxum,NM,1557,2021-12-31 00:00:00,2021-12-31 02:00:00
40403a2b-54d2-448c-b44f-fe83c8ac5639,Step 2,AxqfvmpTp,UNcvxPXNd,1926-06-15,melissajordanyahoo.com,true,Misc.,Barbara,Darren,Wong,DDS,06779 Stephens Road Apt. 988,7,Randallmouth,county_3,MT,51094,17921 Chris Inlet Suite 041,5,East Angel,county_7,SD,12549,republican,other,+1-707-317-2802x8800,mobile,false,true,false,true,false,false,true,2021-12-30 00:00:00,true,false,true,Tablet,8849,1909,office_4,1773,Ind.,true,true,false,female,org_4,vNPzTHGXR,GA,8371,2021-12-16 00:00:00,2021-12-16 02:00:00
a08bb559-26c1-4bd7-915b-ebc7d5541b40,Step 2,lymtvBjBi,zuZtZgJgE,1943-12-02,alison743gmail.com,false,Misc.,Dominique,Anthony,Arnold,DDS,69020 Park Mountains,8,Lake Kelseybury,county_3,PA,41465,312 Kathryn Course,7,Sydneyburgh,county_6,TX,36852,independent,caucasian,660-741-4036,landline,true,false,false,false,false,false,false,2022-10-30 00:00:00,true,false,false,Tablet,2798,7334,office_8,5666,Mx.,false,false,true,other,org_2,LECmWEKvt,CA,2792,2022-03-29 00:00:00,2022-03-29 02:00:00
78a9fe3a-dc34-4ceb-a054-2e059ae615fc,Step 2,XNPQKiRtn,ItgaYbmud,1950-04-04,laura578gmail.com,false,Mr.,Justin,Audrey,Lewis,MD,197 Brewer Park Suite 329,4,East Christine,county_6,OR,81211,633 Jose Gateway Apt. 966,1,Myersfort,county_7,LA,28696,democrat,hispanic,8819800666,mobile,false,true,true,true,false,true,false,2022-11-06 00:00:00,false,false,true,API,7539,3623,office_5,405,Mr.,false,true,true,other,org_2,nupIdNjPs,VI,1672,2022-07-13 00:00:00,2022-07-13 02:00:00
ada65998-162b-4c71-8a76-ba4a8ed625f6,Step 2,BTictGQrE,dJwWvRgMx,1921-06-02,michael47yahoo.com,true,Mr.,Matthew,Mary,Smith,DVM,188 Patterson Garden,2,New Brady,county_6,TN,24278,03936 Regina Creek Apt. 338,3,North Heatherland,county_5,OR,85913,democrat,nativeAmerican,886.622.6275x09287,landline,false,false,false,true,false,false,true,2022-10-03 00:00:00,true,true,true,Web,3066,2473,office_7,9335,Miss,false,false,false,female,org_4,BrXowWOcz,PR,457,2022-04-20 00:00:00,2022-04-20 02:00:00
062c215e-d709-4000-ae67-72f44d6013aa,Complete,EKqRrpDTD,xHNDQpJIk,1969-07-29,stephanie56gmail.com,false,Mx.,David,Carly,Weber,II,679 Gentry Point,5,East Jesus,county_3,MT,59634,264 Hudson Lodge Suite 450,6,East Shawnville,county_1,MN,42773,independent,asian,001-625-189-7693x7190,landline,true,true,false,true,false,false,true,2021-11-09 00:00:00,true,false,false,API,81,7899,office_4,3652,Dr.,true,true,true,male,org_4,KMUFDWrfG,IL,9390,2022-03-28 00:00:00,2022-03-28 02:00:00
5f2c9ed8-d86d-4c35-9c97-79fe3de2c0a7,Step 2,pIZPUNonL,DpzrLnGka,1962-01-26,psinghgmail.com,false,Dr.,Sara,Megan,Gilbert,V,309 Stephen Route,3,West Randall,county_1,AL,47632,0957 Martinez Mountain,2,Port Nichole,county_8,SC,08742,republican,hispanic,818.440.8831x6229,landline,false,true,true,false,true,false,true,2022-01-04 00:00:00,true,false,true,API,5024,1771,office_4,2545,Ms.,true,true,true,male,org_1,xXeGZTNiw,DC,6941,2022-08-17 00:00:00,2022-08-17 02:00:00
8d9a6507-4f6b-4f2a-b22d-4735be3cf097,Step 1,WbvOjUeIW,diVFARwEQ,1946-12-27,bryce21gmail.com,true,Dr.,Pamela,Jennifer,Fry,MD,39351 Elizabeth Fords,6,Port Tarachester,county_8,SC,73934,81026 Robert Track Apt. 498,1,New Maryburgh,county_4,SD,81914,independent,unknown,852-833-7671,landline,true,true,true,true,false,true,false,2021-12-21 00:00:00,false,true,true,API,3941,5534,office_7,3713,Mr.,true,true,true,other,org_2,zjgPtWBDa,DE,6916,2021-11-06 00:00:00,2021-11-06 02:00:00
08686952-d57e-4b05-9892-6fddb071be2d,Step 2,BamYyujlr,rZqKoHttK,1963-07-06,ywebb3yahoo.com,false,Mx.,Kenneth,Barbara,Rose,MD,190 Pennington Prairie Suite 188,7,Ericborough,county_6,WY,14408,62838 Mcclain Estates,1,Lisaberg,county_2,VA,49470,independent,hispanic,806.806.8432,other,false,true,true,false,true,false,true,2022-06-08 00:00:00,true,false,true,Tablet,418,6558,office_1,915,Ind.,true,false,true,male,org_1,DvlCdnxqV,NV,4329,2022-07-26 00:00:00,2022-07-26 02:00:00
0c2c67f2-400a-45f7-a162-2fd180a04f2f,Step 3,aAPolySRE,iBSseQlWY,1914-04-10,evillanuevahotmail.com,true,Mr.,Michael,Theresa,Pearson,V,9951 Chase Brooks Apt. 204,4,North Dawntown,county_6,KY,14436,260 Jeff Estates Suite 809,4,East Brendaton,county_4,WY,88062,democrat,unknown,(902)193-3451,other,true,false,true,false,true,true,true,2022-05-16 00:00:00,false,true,true,Tablet,6339,4648,office_1,1384,Ms.,false,true,false,male,org_3,IXtQcWtfE,NY,2295,2022-06-30 00:00:00,2022-06-30 02:00:00
f6adde3b-497d-4418-9ac0-362b9106f4eb,Complete,BMBPgIlPM,oNOieDfMj,1972-02-25,hernandezjamesyahoo.com,false,Ms.,Damon,Matthew,Kim,PhD,5000 Jamie Centers Suite 833,3,North Anthonyfurt,county_2,MT,74334,800 David Well Apt. 314,8,Danielburgh,county_5,ID,97002,independent,nativeAmerican,(001)770-9035,other,true,true,false,true,false,true,true,2022-01-20 00:00:00,true,false,true,Web,1913,4474,office_3,5305,Mx.,true,false,true,female,org_4,ChFzPuTdD,AZ,7037,2022-05-03 00:00:00,2022-05-03 02:00:00
f2f6e8b4-aab1-44d5-b374-27ebb9c6dcdd,Step 2,ZJAJPWdYQ,ZHzrhCstV,1964-01-07,karenbeardgmail.com,true,Mr.,Joshua,Isabel,Price,Jr.,200 Benjamin Station,4,East Tyler,county_6,TN,11514,921 Roberts Avenue Apt. 403,3,Keithfort,county_8,VI,02625,democrat,asian,(898)361-7782x82492,other,false,true,false,true,true,true,false,2022-09-06 00:00:00,true,false,false,API,4478,6500,office_6,9821,Dr.,false,false,true,female,org_5,pjLvTudZn,PA,805,2022-01-19 00:00:00,2022-01-19 02:00:00
c5ce51e0-036e-42cb-8fb9-a0255c85aadd,Step 4,zMjTdMPAe,ukHHpgqZq,1953-06-03,rle4yahoo.com,true,Misc.,Adam,Melinda,Curry,MD,6697 Butler Avenue,4,North Victoriastad,county_4,IL,12585,5015 White Shoals Apt. 447,8,Kellymouth,county_8,NE,51243,democrat,black,821-567-9166,landline,false,true,false,true,false,false,false,2022-03-25 00:00:00,false,false,false,Tablet,9931,1360,office_1,2826,Miss,false,true,true,female,org_4,XtzSpQBZG,KY,9923,2022-03-31 00:00:00,2022-03-31 02:00:00
43ca07ba-0020-40d9-8544-723c647dcd81,Step 2,sambmluYr,KmWRSvyLi,1909-10-27,garciarobert5gmail.com,true,Miss,James,Richard,Johnson,Jr.,1372 Morales Squares Suite 936,7,Lake Pamela,county_8,RI,36279,760 Moreno Hills,5,New Samantha,county_7,AR,11409,democrat,other,(254)833-1184,other,false,true,false,false,true,true,true,2021-12-21 00:00:00,true,false,false,Web,7428,8397,office_6,4611,Mrs.,false,false,true,male,org_5,zloMuHAsC,DC,4518,2022-03-27 00:00:00,2022-03-27 02:00:00
e3f62db4-aecd-4cbc-ab48-dd65a4339217,Step 1,kXxSRHKnL,LBvInZrRi,2000-05-20,bethany39gmail.com,false,Misc.,Heather,Lori,Hammond,Jr.,18526 Carol Throughway,4,Morrisshire,county_1,TN,69107,62231 Clark Fork Apt. 401,4,Davisville,county_4,UT,50396,democrat,black,001-373-128-1533,landline,false,false,true,true,true,false,false,2022-07-11 00:00:00,false,true,false,API,1469,441,office_3,5384,Misc.,true,true,true,female,org_4,TBsiRtQaB,NY,7520,2021-12-30 00:00:00,2021-12-30 02:00:00
84c29c25-54fd-4c86-8f0d-f6f1f5944ecb,Complete,gjHSRzMxc,SAFyWVffF,1970-03-05,yhortonhotmail.com,true,Dr.,Phillip,Mary,Salazar,DDS,879 Fisher Streets Apt. 892,3,Lake Jason,county_1,AR,55474,8725 Anderson Avenue,0,Gutierrezberg,county_3,WA,74027,republican,other,(112)333-1503,landline,true,false,false,false,false,false,true,2022-03-15 00:00:00,true,false,false,Web,3972,2144,office_4,3932,Ind.,true,false,false,male,org_3,SFHclKpfw,AK,7853,2022-09-05 00:00:00,2022-09-05 02:00:00
6eda0154-c1dd-4f71-84e5-3641981283b3,Step 1,oyvNSEgpD,YeMPGIojb,1972-01-06,uglover8hotmail.com,false,Miss,David,Chelsea,Perkins,III,10615 Kristopher Brooks Apt. 925,5,North Joseph,county_2,WY,08787,304 Jennifer Lights,5,West Tylermouth,county_3,VI,76987,democrat,other,645.299.7514,landline,true,true,true,true,false,false,false,2021-11-10 00:00:00,false,true,false,Web,5927,4736,office_8,8437,Mr.,true,false,false,male,org_5,LkrqqjQXb,WY,6820,2021-12-24 00:00:00,2021-12-24 02:00:00
bfb1c7cd-dfaa-4085-a2b5-b8f066da4052,Step 1,GOZwAuquF,ctzseeZXP,2005-10-15,qtaylor9gmail.com,true,Misc.,Melinda,Nicholas,Johnson,II,30277 John Stream,8,Lake Sara,county_2,WV,92666,238 Robinson Heights Suite 127,0,West Joseph,county_1,AR,74499,republican,caucasian,678-059-5340x056,mobile,false,false,true,false,true,false,false,2022-05-01 00:00:00,true,false,false,Web,5454,2588,office_8,5187,Dr.,true,false,false,male,org_3,jTIJztdrP,MD,8256,2022-10-22 00:00:00,2022-10-22 02:00:00
e5f6e0d2-6b7d-47cd-8ea7-1176b5cbe10f,Complete,ZsQkfRitK,zxJFeWNqR,1970-04-10,david895hotmail.com,true,Dr.,Amanda,Paige,Munoz,DDS,009 Sims Islands Apt. 784,7,Tamifurt,county_6,AL,74119,73879 Daniel Lock Apt. 696,2,Bucktown,county_7,MT,83304,republican,nativeAmerican,138-440-0505x4663,mobile,false,false,true,false,false,false,false,2022-04-28 00:00:00,false,true,true,Web,7710,8844,office_1,1558,Dr.,false,true,false,male,org_3,ImOIVBfPh,SD,3175,2021-11-11 00:00:00,2021-11-11 02:00:00
16307675-736f-4edd-b1f4-14f3c51fa8e2,Step 4,NlQNLReYT,wAIENKyra,2006-01-17,rachelwellshotmail.com,true,Dr.,Zachary,Thomas,Henderson,MD,6606 Gonzalez Lock,8,Annberg,county_8,ND,69060,591 Chapman Cape,1,Lake Brandy,county_8,KY,57973,democrat,other,950-794-4833,landline,false,true,true,false,true,false,true,2022-09-08 00:00:00,false,false,false,API,907,5423,office_1,6072,Miss,false,true,false,male,org_3,XSrnOLyks,NV,6028,2021-12-21 00:00:00,2021-12-21 02:00:00
67a7ccde-7692-4193-a85b-f57ddaaa7b93,Step 2,UxUPIFbmU,sKcOaQeMi,1919-05-12,smithjenniferhotmail.com,true,Misc.,Michael,Christopher,Becker,DVM,4396 Eugene Key,3,Ryanchester,county_4,HI,52648,2663 Lindsey Wall Apt. 867,1,North Tonyafort,county_3,SC,33242,democrat,asian,+1-050-843-3420x4798,other,false,false,true,false,false,false,true,2021-12-11 00:00:00,true,true,true,Web,1334,5517,office_3,1093,Dr.,false,true,false,male,org_2,IHhIyWlwj,NC,5457,2022-04-07 00:00:00,2022-04-07 02:00:00
288f39d7-eae0-4c28-942e-709697cd5d01,Step 1,TrCXLppzr,lnYXyPHPu,1917-01-27,jennifer405yahoo.com,true,Mr.,Elizabeth,Heidi,Nelson,MD,96319 Morton Crossing Suite 858,1,Kellyberg,county_2,OR,94851,2226 Ray Plain,1,Cookland,county_2,NH,22000,republican,hispanic,001-856-873-5790x483,mobile,true,false,false,true,false,true,true,2021-11-25 00:00:00,false,true,true,Web,6930,9814,office_3,2512,Dr.,false,true,false,female,org_5,SLoCtRIVI,MI,3144,2022-09-09 00:00:00,2022-09-09 02:00:00
2cb35c31-0d7a-428d-989c-0c1e9301ee1a,Step 3,JxvOAwMFl,LSZXmtBwm,2005-10-15,roberta939hotmail.com,false,Ms.,Karen,Cynthia,Rogers,MD,950 Clarke Meadow Suite 043,6,New Jefffort,county_3,MN,61859,780 John Crescent Apt. 233,4,New Davidton,county_3,WA,01382,independent,black,001-093-559-9049,mobile,false,false,false,false,true,true,true,2022-04-07 00:00:00,false,true,false,API,2306,2667,office_5,3705,Ind.,false,true,true,female,org_4,xnBUeehkw,WA,6410,2022-04-13 00:00:00,2022-04-13 02:00:00
0105b3ca-da02-47d9-aae0-539270c5850e,Step 4,jFBfAJlZs,oTTgXfHZp,1985-04-17,dnelson6hotmail.com,false,Mx.,Jeff,Stacey,Lopez,IV,54617 Thomas Turnpike Suite 373,6,Saraborough,county_4,TX,25345,678 Byrd Turnpike Apt. 034,0,Gouldstad,county_6,IN,45382,independent,black,+1-988-552-7631x745,mobile,false,true,false,false,true,true,true,2022-03-11 00:00:00,false,true,true,Tablet,8867,1572,office_3,5470,Dr.,false,true,true,other,org_3,IWyUNKuDZ,IN,1702,2022-05-29 00:00:00,2022-05-29 02:00:00
512b2a11-5842-4613-968d-bc6882f8d0d1,Complete,hUfnvJrVf,ODqsfLQOh,1931-11-05,weberravenyahoo.com,false,Dr.,Michael,Thomas,Shaw,DVM,2566 Taylor Port,6,South Richardtown,county_8,LA,27373,42885 Vicki Knoll,3,Albertshire,county_6,MA,89061,republican,black,(460)314-9047x67715,landline,false,false,false,true,false,true,true,2022-09-21 00:00:00,true,false,false,API,5821,7691,office_1,9000,Miss,true,true,true,other,org_2,OidkQQfna,KS,8765,2022-07-17 00:00:00,2022-07-17 02:00:00
12de2b24-4fcc-4afc-8b50-2f69599f155a,Step 1,qAZYvnBhX,khcFjEKsz,1973-02-05,perezmichael5hotmail.com,false,Ind.,Jennifer,Anthony,Garcia,MD,8603 Christopher Station Suite 049,7,Priscillachester,county_2,IA,90551,899 James Camp,8,Meganville,county_5,VT,79740,independent,caucasian,0491836432,landline,false,false,true,false,false,false,false,2021-12-10 00:00:00,true,true,true,Web,4841,2418,office_3,2639,Mr.,true,true,false,other,org_4,iLVUamLML,IL,6796,2022-06-03 00:00:00,2022-06-03 02:00:00
50430ef4-39db-43c8-a779-3c9337c64274,Step 3,ZxtfyVgRi,qguzFCtew,1955-05-21,rosaleskathryn7yahoo.com,false,Mx.,Christopher,Bridget,Cabrera,DVM,140 Sarah Oval,8,East Luis,county_6,OR,01504,21530 Montgomery Cliff Suite 966,4,Angelaport,county_8,MT,55268,republican,other,151-808-0722,landline,true,true,false,true,true,true,true,2022-01-02 00:00:00,false,true,false,Tablet,8363,8216,office_7,7198,Misc.,true,true,false,female,org_4,KMRFexIdp,NV,6863,2021-12-06 00:00:00,2021-12-06 02:00:00
71d0b236-3a89-4c34-8a16-490d04e95bdd,Complete,exJCRrUtt,PeicleYBm,1910-08-20,shannon40hotmail.com,true,Dr.,Ryan,Andrew,Kim,IV,47582 Moore Haven Apt. 346,0,Garcialand,county_4,AR,57718,4311 Bates Mountains Suite 677,3,Lake Christopherburgh,county_7,MN,90740,democrat,hispanic,699.770.3189x25957,mobile,true,false,false,true,false,true,false,2022-07-08 00:00:00,true,true,false,Tablet,4790,8256,office_1,4164,Ms.,true,false,true,other,org_3,zUgKXooZs,AR,1439,2022-04-01 00:00:00,2022-04-01 02:00:00
8ccc741a-c6ca-410a-a689-d47421b436d9,Step 1,tXJrRUcKQ,oDYbVFZTH,1970-08-13,ginamartinezyahoo.com,true,Dr.,Devon,Sabrina,Reid,V,92585 Davis Vista Suite 403,1,North Dana,county_2,KY,52378,31223 Larry Alley Suite 588,2,Josefort,county_7,MT,59953,independent,black,756-178-0293,other,false,false,false,true,false,true,true,2022-05-29 00:00:00,true,true,false,Tablet,7392,4942,office_7,7506,Miss,false,true,true,female,org_4,yEZVRpIkT,PR,9443,2022-08-09 00:00:00,2022-08-09 02:00:00
6921b029-3c8c-45e2-843d-59cfca4464b0,Step 4,TrtasTGMF,pjiUWmLtS,1996-05-23,desiree552hotmail.com,false,Dr.,Peter,Joshua,Owens,III,17225 Martin River,0,Dariusberg,county_8,PA,67060,067 Bird Knolls Apt. 460,0,Wilsonhaven,county_1,DE,90344,independent,unknown,2562293202,other,false,true,false,false,true,true,false,2022-08-31 00:00:00,false,true,true,Tablet,5939,318,office_2,2216,Dr.,false,true,false,male,org_5,YuzCdfNDw,NJ,1253,2022-06-13 00:00:00,2022-06-13 02:00:00
9c97beb6-47a1-499f-be01-75817a50355e,Step 4,JRlkiPVOY,YlOqZTfOr,1950-11-03,lisa744yahoo.com,false,Mx.,Tammy,Jennifer,Ray,IV,165 Davis Forest Suite 878,1,West Kristenshire,county_2,AZ,04214,767 Kyle Junction,0,Littlemouth,county_4,DE,84542,democrat,nativeAmerican,001-739-946-9574x4691,landline,true,true,false,false,false,false,false,2022-03-29 00:00:00,true,false,true,API,8749,1259,office_2,7176,Dr.,false,true,true,female,org_2,hbORIFbEl,MT,1815,2022-10-23 00:00:00,2022-10-23 02:00:00
8c1a026d-46d7-4cca-9f03-ec0746f17e94,Step 2,DqMxoWSBu,xRSgMmQbF,1936-10-16,josephhartman8gmail.com,true,Mx.,Maria,Ariana,Walters,DDS,831 Brandon Neck,3,West Stephaniestad,county_3,NE,40083,37097 Wendy Squares,8,Coxview,county_2,OK,37894,democrat,hispanic,(351)038-6317x408,other,false,false,true,true,false,true,true,2022-01-06 00:00:00,false,false,false,Web,2655,1453,office_1,2952,Ind.,true,true,false,female,org_3,hZtebUVzn,OK,7528,2022-01-13 00:00:00,2022-01-13 02:00:00
e094b53a-cd33-4aa6-be14-92482461e6b6,Step 4,UHhxfTgmK,sDHtUfSFM,1992-03-22,bwalton1gmail.com,true,Mrs.,Amber,Samantha,Weeks,DDS,5268 Rollins Crossing Apt. 550,0,West Kimberly,county_4,SD,27726,46123 Bartlett Harbors Suite 205,1,New Jonborough,county_7,TN,87043,independent,other,+1-734-365-0977x87576,landline,true,true,true,true,true,true,true,2022-08-04 00:00:00,true,true,true,API,7724,441,office_2,4933,Ind.,true,false,false,male,org_1,ScexbpQkx,CO,2756,2022-09-13 00:00:00,2022-09-13 02:00:00
57e28eff-8fc4-4fb3-92eb-25bd1dce311b,Step 1,yQjtixSdJ,QVxLRICdV,1912-10-20,brendataylorhotmail.com,false,Mr.,Matthew,Alexandria,Mcgee,Jr.,87341 West Squares Suite 628,7,South Patricia,county_6,TN,28959,7623 Kenneth Creek Suite 770,2,North Alexanderport,county_3,WY,47522,democrat,caucasian,444-510-7857x6147,mobile,false,true,true,false,true,true,false,2022-07-23 00:00:00,true,false,true,Tablet,8622,1468,office_6,6006,Mrs.,false,false,true,male,org_3,tmiaoYcXh,ND,6815,2022-05-16 00:00:00,2022-05-16 02:00:00
d60fb4b1-9968-4190-9d96-0f98b37be14e,Step 3,oCKhXfTRc,sTlTDdzSF,1923-05-26,marc674hotmail.com,true,Dr.,Meghan,Regina,Martinez,PhD,297 Rebecca Neck Suite 767,7,Victorport,county_3,FL,21173,547 Alexander Crescent,4,Timothyfurt,county_1,LA,81644,independent,other,(834)892-6496x1886,other,false,true,true,true,false,false,false,2022-08-28 00:00:00,false,false,true,API,6794,4172,office_2,1140,Mx.,true,true,false,male,org_4,RFaNafZFp,NJ,7043,2022-01-23 00:00:00,2022-01-23 02:00:00
91054c72-cb3c-470d-a46d-f2ef8f8cf839,Complete,AMWhyvwRv,NFLOpYVSr,1915-04-28,angelaolson4hotmail.com,false,Dr.,Margaret,Adam,Cole,II,60045 Johnson Meadows,1,Boydborough,county_5,UT,68083,531 Margaret Curve,3,Richardborough,county_3,UT,00807,independent,asian,586-679-2214x533,other,true,true,false,true,true,false,true,2022-07-04 00:00:00,false,false,false,Web,3473,4783,office_5,2033,Ms.,false,false,true,other,org_3,gmZMDGRIJ,OR,374,2021-12-31 00:00:00,2021-12-31 02:00:00
7a8d8aa4-1650-4710-951e-3a311116bce7,Step 3,eixXiOnQX,ZFVIXYmCS,1991-01-17,sreid3hotmail.com,false,Mr.,Joel,Christopher,Ferrell,II,404 Lori Park Suite 444,4,Hughesmouth,county_4,PA,45972,07692 Shaw Forges,6,Douglasville,county_4,NM,21521,independent,asian,814.393.8076,landline,false,false,true,false,true,true,false,2022-07-13 00:00:00,true,true,true,Web,6244,2417,office_7,682,Dr.,false,false,false,male,org_3,fmpMfcpiR,MS,5661,2022-07-13 00:00:00,2022-07-13 02:00:00
c3cc5cf6-3e0d-4447-909f-d27e2f9afa2c,Step 4,VRNiGoTPV,bckQStzEa,1930-09-06,reginald445gmail.com,true,Mrs.,Mitchell,James,Kelly,Jr.,730 Mark Bypass,3,Butlerborough,county_5,WA,03307,614 Robert Isle Apt. 246,2,Reyesfurt,county_2,CT,24712,independent,asian,(680)445-2459x42405,other,true,false,true,true,false,true,true,2022-05-28 00:00:00,true,false,true,API,4836,7122,office_5,3314,Dr.,false,false,false,male,org_3,UnarRdcbS,GA,8117,2022-03-20 00:00:00,2022-03-20 02:00:00
992b2e20-2781-4f6b-a04f-5d872ef2e6aa,Complete,NmfZGzIyM,aFcKkCWmz,2006-07-10,velazquezdawngmail.com,true,Mr.,Joseph,Debbie,James,Jr.,2036 Alicia Alley,8,West Roytown,county_8,FL,23168,4095 Daniel Square,4,East Davidton,county_5,SC,79251,republican,unknown,+1-968-123-7069,landline,true,true,false,true,false,false,true,2022-08-14 00:00:00,false,true,true,Tablet,3613,8092,office_6,4979,Ind.,false,true,true,female,org_2,iMOUoOtQX,CT,9994,2022-05-17 00:00:00,2022-05-17 02:00:00
57f2ed23-48b2-4dcd-ab7b-fa00844aec21,Complete,uikEvxUle,AJsGqZRTA,1972-10-08,amandasuarezgmail.com,false,Dr.,William,Calvin,King,MD,33377 Howard Squares Apt. 398,1,West Sarah,county_4,CO,36105,268 Jones Court Suite 587,3,South Susan,county_6,NH,91615,republican,unknown,001-479-792-7989x8747,landline,false,false,false,false,true,false,false,2022-09-11 00:00:00,true,true,true,API,1004,5451,office_8,2056,Misc.,false,true,true,male,org_2,NriDYdZxH,NC,8624,2022-10-06 00:00:00,2022-10-06 02:00:00
a1f78c92-c9e2-4c69-96ce-b3ede5cb7e35,Step 2,GKLZVgEAC,wHGwemsjh,1954-10-26,kmeyeryahoo.com,false,Dr.,Chelsea,Lydia,Walker,III,1553 Patel Landing,0,Port Jonathanport,county_5,VT,32706,1727 Williams Bridge,4,East Anthony,county_4,MI,03287,democrat,unknown,304.005.6959x9285,landline,true,true,false,true,true,false,true,2022-03-02 00:00:00,true,true,false,Web,6254,5176,office_2,9910,Dr.,false,true,false,female,org_4,hGYVzbSXK,NM,2755,2022-08-27 00:00:00,2022-08-27 02:00:00
7f5a2b17-e888-488f-a926-8b41d6448723,Complete,XcPTFsWrE,FbPRPbMbA,1979-08-13,philipsimongmail.com,true,Dr.,Benjamin,Pamela,Coleman,V,4582 Medina Drive,5,Lake Markborough,county_2,VA,72924,117 Evans Garden,1,Catherineburgh,county_4,UT,86965,republican,black,722-445-5484x695,other,true,true,true,true,true,false,true,2022-11-05 00:00:00,false,false,true,Tablet,1563,7451,office_2,655,Mx.,true,false,false,other,org_2,MDcYVuhks,ME,4105,2021-11-17 00:00:00,2021-11-17 02:00:00
24b465de-f189-4e9e-b1a3-621c43e98b94,Step 1,CWHsrzwLq,PePvgBjRr,1952-04-10,carlos751gmail.com,false,Dr.,Travis,Dawn,Davis,V,2543 Jodi Shore Suite 978,4,Danielview,county_1,KS,85604,3879 Nicole Mill Apt. 699,0,Brianville,county_5,AZ,64359,independent,caucasian,686-901-7770,landline,true,false,true,true,false,false,false,2022-10-29 00:00:00,true,false,true,Tablet,5986,618,office_2,9937,Mrs.,true,true,false,female,org_4,GeesGkveE,UT,8545,2022-05-09 00:00:00,2022-05-09 02:00:00
c838892b-1afa-4aff-a5da-50e20585f1c6,Complete,hmVXpGIuT,ckoRcsahM,1956-07-01,iwhitehead3gmail.com,true,Mr.,James,Raymond,Rice,DDS,24864 Savage Lakes Apt. 902,0,Dawnberg,county_3,FL,74099,528 Thomas Rue,7,Lewisberg,county_4,AK,47133,democrat,asian,347-763-4402,landline,true,true,true,false,true,false,false,2022-11-01 00:00:00,true,true,true,Web,5371,932,office_2,8333,Ms.,true,true,false,male,org_1,WwibCpSUs,MS,7990,2021-11-20 00:00:00,2021-11-20 02:00:00
a7c95631-ed93-43a3-a37d-32dacff64246,Step 4,VPEPYQtyy,xRSfZFdvc,1935-01-20,laurencook5yahoo.com,true,Mr.,Lisa,Charles,Barnett,III,40731 Michael Shore Apt. 418,0,South David,county_2,IA,49485,73979 Mcdowell Ranch,6,Hutchinsonfurt,county_7,MN,82628,democrat,nativeAmerican,(833)659-9281x68502,other,false,false,true,false,false,false,false,2022-01-01 00:00:00,true,true,true,Tablet,4487,7763,office_4,5478,Mr.,true,true,false,male,org_4,pbejpIYoe,WA,3279,2022-10-15 00:00:00,2022-10-15 02:00:00
8a26cf8f-5ff7-4c16-ad42-4e988e2cab60,Step 4,wcifgzOnX,zcbOAyhnE,1979-10-20,megan01yahoo.com,false,Miss,Thomas,Lisa,Ballard,DDS,62111 David Lock Suite 581,9,South Brent,county_7,FL,83326,640 Brian Spring Suite 056,6,Stephanieport,county_4,VI,13109,democrat,hispanic,819.143.6402x68209,landline,true,false,true,true,true,true,true,2022-05-28 00:00:00,false,false,true,API,6167,1596,office_1,856,Ind.,true,true,false,male,org_3,GsJNOSmJR,LA,8225,2022-01-09 00:00:00,2022-01-09 02:00:00
062c215e-d709-4000-ae67-72f44d6013aa,Step 4,EKqRrpDTD,xHNDQpJIk,1969-07-29,stephanie56gmail.com,false,Mx.,David,Carly,Weber,II,679 Gentry Point,5,East Jesus,county_3,MT,59634,264 Hudson Lodge Suite 450,6,East Shawnville,county_1,MN,42773,independent,asian,001-625-189-7693x7190,landline,true,true,false,true,false,false,true,2021-11-09 00:00:00,true,false,false,API,81,7899,office_4,3652,Dr.,true,true,true,male,org_4,KMUFDWrfG,IL,9390,2022-03-28 00:00:00,2022-03-28 02:00:00
f6adde3b-497d-4418-9ac0-362b9106f4eb,Step 4,BMBPgIlPM,oNOieDfMj,1972-02-25,hernandezjamesyahoo.com,false,Ms.,Damon,Matthew,Kim,PhD,5000 Jamie Centers Suite 833,3,North Anthonyfurt,county_2,MT,74334,800 David Well Apt. 314,8,Danielburgh,county_5,ID,97002,independent,nativeAmerican,(001)770-9035,other,true,true,false,true,false,true,true,2022-01-20 00:00:00,true,false,true,Web,1913,4474,office_3,5305,Mx.,true,false,true,female,org_4,ChFzPuTdD,AZ,7037,2022-05-03 00:00:00,2022-05-03 02:00:00
84c29c25-54fd-4c86-8f0d-f6f1f5944ecb,Step 4,gjHSRzMxc,SAFyWVffF,1970-03-05,yhortonhotmail.com,true,Dr.,Phillip,Mary,Salazar,DDS,879 Fisher Streets Apt. 892,3,Lake Jason,county_1,AR,55474,8725 Anderson Avenue,0,Gutierrezberg,county_3,WA,74027,republican,other,(112)333-1503,landline,true,false,false,false,false,false,true,2022-03-15 00:00:00,true,false,false,Web,3972,2144,office_4,3932,Ind.,true,false,false,male,org_3,SFHclKpfw,AK,7853,2022-09-05 00:00:00,2022-09-05 02:00:00
e5f6e0d2-6b7d-47cd-8ea7-1176b5cbe10f,Step 4,ZsQkfRitK,zxJFeWNqR,1970-04-10,david895hotmail.com,true,Dr.,Amanda,Paige,Munoz,DDS,009 Sims Islands Apt. 784,7,Tamifurt,county_6,AL,74119,73879 Daniel Lock Apt. 696,2,Bucktown,county_7,MT,83304,republican,nativeAmerican,138-440-0505x4663,mobile,false,false,true,false,false,false,false,2022-04-28 00:00:00,false,true,true,Web,7710,8844,office_1,1558,Dr.,false,true,false,male,org_3,ImOIVBfPh,SD,3175,2021-11-11 00:00:00,2021-11-11 02:00:00
512b2a11-5842-4613-968d-bc6882f8d0d1,Step 4,hUfnvJrVf,ODqsfLQOh,1931-11-05,weberravenyahoo.com,false,Dr.,Michael,Thomas,Shaw,DVM,2566 Taylor Port,6,South Richardtown,county_8,LA,27373,42885 Vicki Knoll,3,Albertshire,county_6,MA,89061,republican,black,(460)314-9047x67715,landline,false,false,false,true,false,true,true,2022-09-21 00:00:00,true,false,false,API,5821,7691,office_1,9000,Miss,true,true,true,other,org_2,OidkQQfna,KS,8765,2022-07-17 00:00:00,2022-07-17 02:00:00
71d0b236-3a89-4c34-8a16-490d04e95bdd,Step 4,exJCRrUtt,PeicleYBm,1910-08-20,shannon40hotmail.com,true,Dr.,Ryan,Andrew,Kim,IV,47582 Moore Haven Apt. 346,0,Garcialand,county_4,AR,57718,4311 Bates Mountains Suite 677,3,Lake Christopherburgh,county_7,MN,90740,democrat,hispanic,699.770.3189x25957,mobile,true,false,false,true,false,true,false,2022-07-08 00:00:00,true,true,false,Tablet,4790,8256,office_1,4164,Ms.,true,false,true,other,org_3,zUgKXooZs,AR,1439,2022-04-01 00:00:00,2022-04-01 02:00:00
91054c72-cb3c-470d-a46d-f2ef8f8cf839,Step 4,AMWhyvwRv,NFLOpYVSr,1915-04-28,angelaolson4hotmail.com,false,Dr.,Margaret,Adam,Cole,II,60045 Johnson Meadows,1,Boydborough,county_5,UT,68083,531 Margaret Curve,3,Richardborough,county_3,UT,00807,independent,asian,586-679-2214x533,other,true,true,false,true,true,false,true,2022-07-04 00:00:00,false,false,false,Web,3473,4783,office_5,2033,Ms.,false,false,true,other,org_3,gmZMDGRIJ,OR,374,2021-12-31 00:00:00,2021-12-31 02:00:00
992b2e20-2781-4f6b-a04f-5d872ef2e6aa,Step 4,NmfZGzIyM,aFcKkCWmz,2006-07-10,velazquezdawngmail.com,true,Mr.,Joseph,Debbie,James,Jr.,2036 Alicia Alley,8,West Roytown,county_8,FL,23168,4095 Daniel Square,4,East Davidton,county_5,SC,79251,republican,unknown,+1-968-123-7069,landline,true,true,false,true,false,false,true,2022-08-14 00:00:00,false,true,true,Tablet,3613,8092,office_6,4979,Ind.,false,true,true,female,org_2,iMOUoOtQX,CT,9994,2022-05-17 00:00:00,2022-05-17 02:00:00
57f2ed23-48b2-4dcd-ab7b-fa00844aec21,Step 4,uikEvxUle,AJsGqZRTA,1972-10-08,amandasuarezgmail.com,false,Dr.,William,Calvin,King,MD,33377 Howard Squares Apt. 398,1,West Sarah,county_4,CO,36105,268 Jones Court Suite 587,3,South Susan,county_6,NH,91615,republican,unknown,001-479-792-7989x8747,landline,false,false,false,false,true,false,false,2022-09-11 00:00:00,true,true,true,API,1004,5451,office_8,2056,Misc.,false,true,true,male,org_2,NriDYdZxH,NC,8624,2022-10-06 00:00:00,2022-10-06 02:00:00
7f5a2b17-e888-488f-a926-8b41d6448723,Step 4,XcPTFsWrE,FbPRPbMbA,1979-08-13,philipsimongmail.com,true,Dr.,Benjamin,Pamela,Coleman,V,4582 Medina Drive,5,Lake Markborough,county_2,VA,72924,117 Evans Garden,1,Catherineburgh,county_4,UT,86965,republican,black,722-445-5484x695,other,true,true,true,true,true,false,true,2022-11-05 00:00:00,false,false,true,Tablet,1563,7451,office_2,655,Mx.,true,false,false,other,org_2,MDcYVuhks,ME,4105,2021-11-17 00:00:00,2021-11-17 02:00:00
c838892b-1afa-4aff-a5da-50e20585f1c6,Step 4,hmVXpGIuT,ckoRcsahM,1956-07-01,iwhitehead3gmail.com,true,Mr.,James,Raymond,Rice,DDS,24864 Savage Lakes Apt. 902,0,Dawnberg,county_3,FL,74099,528 Thomas Rue,7,Lewisberg,county_4,AK,47133,democrat,asian,347-763-4402,landline,true,true,true,false,true,false,false,2022-11-01 00:00:00,true,true,true,Web,5371,932,office_2,8333,Ms.,true,true,false,male,org_1,WwibCpSUs,MS,7990,2021-11-20 00:00:00,2021-11-20 02:00:00
8918b682-4f4a-453e-b430-051376e31f5a,Step 3,nRWnUZBBG,bLLdAHLlg,1997-02-14,hdiaz5gmail.com,false,Dr.,Kyle,Nancy,Gutierrez,IV,07067 Clark Radial Apt. 040,5,Savannahland,county_4,VI,64784,95672 Foster Crossing,4,North Christophermouth,county_7,IL,91288,democrat,nativeAmerican,+1-707-457-2547x876,landline,false,true,false,true,true,false,false,2022-02-14 00:00:00,false,false,false,API,1381,9599,office_2,1165,Dr.,true,false,true,male,org_1,ZfRZPcisy,IN,5397,2022-04-25 00:00:00,2022-04-25 02:00:00
c5ce51e0-036e-42cb-8fb9-a0255c85aadd,Step 3,zMjTdMPAe,ukHHpgqZq,1953-06-03,rle4yahoo.com,true,Misc.,Adam,Melinda,Curry,MD,6697 Butler Avenue,4,North Victoriastad,county_4,IL,12585,5015 White Shoals Apt. 447,8,Kellymouth,county_8,NE,51243,democrat,black,821-567-9166,landline,false,true,false,true,false,false,false,2022-03-25 00:00:00,false,false,false,Tablet,9931,1360,office_1,2826,Miss,false,true,true,female,org_4,XtzSpQBZG,KY,9923,2022-03-31 00:00:00,2022-03-31 02:00:00
16307675-736f-4edd-b1f4-14f3c51fa8e2,Step 3,NlQNLReYT,wAIENKyra,2006-01-17,rachelwellshotmail.com,true,Dr.,Zachary,Thomas,Henderson,MD,6606 Gonzalez Lock,8,Annberg,county_8,ND,69060,591 Chapman Cape,1,Lake Brandy,county_8,KY,57973,democrat,other,950-794-4833,landline,false,true,true,false,true,false,true,2022-09-08 00:00:00,false,false,false,API,907,5423,office_1,6072,Miss,false,true,false,male,org_3,XSrnOLyks,NV,6028,2021-12-21 00:00:00,2021-12-21 02:00:00
0105b3ca-da02-47d9-aae0-539270c5850e,Step 3,jFBfAJlZs,oTTgXfHZp,1985-04-17,dnelson6hotmail.com,false,Mx.,Jeff,Stacey,Lopez,IV,54617 Thomas Turnpike Suite 373,6,Saraborough,county_4,TX,25345,678 Byrd Turnpike Apt. 034,0,Gouldstad,county_6,IN,45382,independent,black,+1-988-552-7631x745,mobile,false,true,false,false,true,true,true,2022-03-11 00:00:00,false,true,true,Tablet,8867,1572,office_3,5470,Dr.,false,true,true,other,org_3,IWyUNKuDZ,IN,1702,2022-05-29 00:00:00,2022-05-29 02:00:00
6921b029-3c8c-45e2-843d-59cfca4464b0,Step 3,TrtasTGMF,pjiUWmLtS,1996-05-23,desiree552hotmail.com,false,Dr.,Peter,Joshua,Owens,III,17225 Martin River,0,Dariusberg,county_8,PA,67060,067 Bird Knolls Apt. 460,0,Wilsonhaven,county_1,DE,90344,independent,unknown,2562293202,other,false,true,false,false,true,true,false,2022-08-31 00:00:00,false,true,true,Tablet,5939,318,office_2,2216,Dr.,false,true,false,male,org_5,YuzCdfNDw,NJ,1253,2022-06-13 00:00:00,2022-06-13 02:00:00
9c97beb6-47a1-499f-be01-75817a50355e,Step 3,JRlkiPVOY,YlOqZTfOr,1950-11-03,lisa744yahoo.com,false,Mx.,Tammy,Jennifer,Ray,IV,165 Davis Forest Suite 878,1,West Kristenshire,county_2,AZ,04214,767 Kyle Junction,0,Littlemouth,county_4,DE,84542,democrat,nativeAmerican,001-739-946-9574x4691,landline,true,true,false,false,false,false,false,2022-03-29 00:00:00,true,false,true,API,8749,1259,office_2,7176,Dr.,false,true,true,female,org_2,hbORIFbEl,MT,1815,2022-10-23 00:00:00,2022-10-23 02:00:00
e094b53a-cd33-4aa6-be14-92482461e6b6,Step 3,UHhxfTgmK,sDHtUfSFM,1992-03-22,bwalton1gmail.com,true,Mrs.,Amber,Samantha,Weeks,DDS,5268 Rollins Crossing Apt. 550,0,West Kimberly,county_4,SD,27726,46123 Bartlett Harbors Suite 205,1,New Jonborough,county_7,TN,87043,independent,other,+1-734-365-0977x87576,landline,true,true,true,true,true,true,true,2022-08-04 00:00:00,true,true,true,API,7724,441,office_2,4933,Ind.,true,false,false,male,org_1,ScexbpQkx,CO,2756,2022-09-13 00:00:00,2022-09-13 02:00:00
c3cc5cf6-3e0d-4447-909f-d27e2f9afa2c,Step 3,VRNiGoTPV,bckQStzEa,1930-09-06,reginald445gmail.com,true,Mrs.,Mitchell,James,Kelly,Jr.,730 Mark Bypass,3,Butlerborough,county_5,WA,03307,614 Robert Isle Apt. 246,2,Reyesfurt,county_2,CT,24712,independent,asian,(680)445-2459x42405,other,true,false,true,true,false,true,true,2022-05-28 00:00:00,true,false,true,API,4836,7122,office_5,3314,Dr.,false,false,false,male,org_3,UnarRdcbS,GA,8117,2022-03-20 00:00:00,2022-03-20 02:00:00
a7c95631-ed93-43a3-a37d-32dacff64246,Step 3,VPEPYQtyy,xRSfZFdvc,1935-01-20,laurencook5yahoo.com,true,Mr.,Lisa,Charles,Barnett,III,40731 Michael Shore Apt. 418,0,South David,county_2,IA,49485,73979 Mcdowell Ranch,6,Hutchinsonfurt,county_7,MN,82628,democrat,nativeAmerican,(833)659-9281x68502,other,false,false,true,false,false,false,false,2022-01-01 00:00:00,true,true,true,Tablet,4487,7763,office_4,5478,Mr.,true,true,false,male,org_4,pbejpIYoe,WA,3279,2022-10-15 00:00:00,2022-10-15 02:00:00
8a26cf8f-5ff7-4c16-ad42-4e988e2cab60,Step 3,wcifgzOnX,zcbOAyhnE,1979-10-20,megan01yahoo.com,false,Miss,Thomas,Lisa,Ballard,DDS,62111 David Lock Suite 581,9,South Brent,county_7,FL,83326,640 Brian Spring Suite 056,6,Stephanieport,county_4,VI,13109,democrat,hispanic,819.143.6402x68209,landline,true,false,true,true,true,true,true,2022-05-28 00:00:00,false,false,true,API,6167,1596,office_1,856,Ind.,true,true,false,male,org_3,GsJNOSmJR,LA,8225,2022-01-09 00:00:00,2022-01-09 02:00:00
062c215e-d709-4000-ae67-72f44d6013aa,Step 3,EKqRrpDTD,xHNDQpJIk,1969-07-29,stephanie56gmail.com,false,Mx.,David,Carly,Weber,II,679 Gentry Point,5,East Jesus,county_3,MT,59634,264 Hudson Lodge Suite 450,6,East Shawnville,county_1,MN,42773,independent,asian,001-625-189-7693x7190,landline,true,true,false,true,false,false,true,2021-11-09 00:00:00,true,false,false,API,81,7899,office_4,3652,Dr.,true,true,true,male,org_4,KMUFDWrfG,IL,9390,2022-03-28 00:00:00,2022-03-28 02:00:00
f6adde3b-497d-4418-9ac0-362b9106f4eb,Step 3,BMBPgIlPM,oNOieDfMj,1972-02-25,hernandezjamesyahoo.com,false,Ms.,Damon,Matthew,Kim,PhD,5000 Jamie Centers Suite 833,3,North Anthonyfurt,county_2,MT,74334,800 David Well Apt. 314,8,Danielburgh,county_5,ID,97002,independent,nativeAmerican,(001)770-9035,other,true,true,false,true,false,true,true,2022-01-20 00:00:00,true,false,true,Web,1913,4474,office_3,5305,Mx.,true,false,true,female,org_4,ChFzPuTdD,AZ,7037,2022-05-03 00:00:00,2022-05-03 02:00:00
84c29c25-54fd-4c86-8f0d-f6f1f5944ecb,Step 3,gjHSRzMxc,SAFyWVffF,1970-03-05,yhortonhotmail.com,true,Dr.,Phillip,Mary,Salazar,DDS,879 Fisher Streets Apt. 892,3,Lake Jason,county_1,AR,55474,8725 Anderson Avenue,0,Gutierrezberg,county_3,WA,74027,republican,other,(112)333-1503,landline,true,false,false,false,false,false,true,2022-03-15 00:00:00,true,false,false,Web,3972,2144,office_4,3932,Ind.,true,false,false,male,org_3,SFHclKpfw,AK,7853,2022-09-05 00:00:00,2022-09-05 02:00:00
e5f6e0d2-6b7d-47cd-8ea7-1176b5cbe10f,Step 3,ZsQkfRitK,zxJFeWNqR,1970-04-10,david895hotmail.com,true,Dr.,Amanda,Paige,Munoz,DDS,009 Sims Islands Apt. 784,7,Tamifurt,county_6,AL,74119,73879 Daniel Lock Apt. 696,2,Bucktown,county_7,MT,83304,republican,nativeAmerican,138-440-0505x4663,mobile,false,false,true,false,false,false,false,2022-04-28 00:00:00,false,true,true,Web,7710,8844,office_1,1558,Dr.,false,true,false,male,org_3,ImOIVBfPh,SD,3175,2021-11-11 00:00:00,2021-11-11 02:00:00
512b2a11-5842-4613-968d-bc6882f8d0d1,Step 3,hUfnvJrVf,ODqsfLQOh,1931-11-05,weberravenyahoo.com,false,Dr.,Michael,Thomas,Shaw,DVM,2566 Taylor Port,6,South Richardtown,county_8,LA,27373,42885 Vicki Knoll,3,Albertshire,county_6,MA,89061,republican,black,(460)314-9047x67715,landline,false,false,false,true,false,true,true,2022-09-21 00:00:00,true,false,false,API,5821,7691,office_1,9000,Miss,true,true,true,other,org_2,OidkQQfna,KS,8765,2022-07-17 00:00:00,2022-07-17 02:00:00
71d0b236-3a89-4c34-8a16-490d04e95bdd,Step 3,exJCRrUtt,PeicleYBm,1910-08-20,shannon40hotmail.com,true,Dr.,Ryan,Andrew,Kim,IV,47582 Moore Haven Apt. 346,0,Garcialand,county_4,AR,57718,4311 Bates Mountains Suite 677,3,Lake Christopherburgh,county_7,MN,90740,democrat,hispanic,699.770.3189x25957,mobile,true,false,false,true,false,true,false,2022-07-08 00:00:00,true,true,false,Tablet,4790,8256,office_1,4164,Ms.,true,false,true,other,org_3,zUgKXooZs,AR,1439,2022-04-01 00:00:00,2022-04-01 02:00:00
91054c72-cb3c-470d-a46d-f2ef8f8cf839,Step 3,AMWhyvwRv,NFLOpYVSr,1915-04-28,angelaolson4hotmail.com,false,Dr.,Margaret,Adam,Cole,II,60045 Johnson Meadows,1,Boydborough,county_5,UT,68083,531 Margaret Curve,3,Richardborough,county_3,UT,00807,independent,asian,586-679-2214x533,other,true,true,false,true,true,false,true,2022-07-04 00:00:00,false,false,false,Web,3473,4783,office_5,2033,Ms.,false,false,true,other,org_3,gmZMDGRIJ,OR,374,2021-12-31 00:00:00,2021-12-31 02:00:00
992b2e20-2781-4f6b-a04f-5d872ef2e6aa,Step 3,NmfZGzIyM,aFcKkCWmz,2006-07-10,velazquezdawngmail.com,true,Mr.,Joseph,Debbie,James,Jr.,2036 Alicia Alley,8,West Roytown,county_8,FL,23168,4095 Daniel Square,4,East Davidton,county_5,SC,79251,republican,unknown,+1-968-123-7069,landline,true,true,false,true,false,false,true,2022-08-14 00:00:00,false,true,true,Tablet,3613,8092,office_6,4979,Ind.,false,true,true,female,org_2,iMOUoOtQX,CT,9994,2022-05-17 00:00:00,2022-05-17 02:00:00
57f2ed23-48b2-4dcd-ab7b-fa00844aec21,Step 3,uikEvxUle,AJsGqZRTA,1972-10-08,amandasuarezgmail.com,false,Dr.,William,Calvin,King,MD,33377 Howard Squares Apt. 398,1,West Sarah,county_4,CO,36105,268 Jones Court Suite 587,3,South Susan,county_6,NH,91615,republican,unknown,001-479-792-7989x8747,landline,false,false,false,false,true,false,false,2022-09-11 00:00:00,true,true,true,API,1004,5451,office_8,2056,Misc.,false,true,true,male,org_2,NriDYdZxH,NC,8624,2022-10-06 00:00:00,2022-10-06 02:00:00
7f5a2b17-e888-488f-a926-8b41d6448723,Step 3,XcPTFsWrE,FbPRPbMbA,1979-08-13,philipsimongmail.com,true,Dr.,Benjamin,Pamela,Coleman,V,4582 Medina Drive,5,Lake Markborough,county_2,VA,72924,117 Evans Garden,1,Catherineburgh,county_4,UT,86965,republican,black,722-445-5484x695,other,true,true,true,true,true,false,true,2022-11-05 00:00:00,false,false,true,Tablet,1563,7451,office_2,655,Mx.,true,false,false,other,org_2,MDcYVuhks,ME,4105,2021-11-17 00:00:00,2021-11-17 02:00:00
c838892b-1afa-4aff-a5da-50e20585f1c6,Step 3,hmVXpGIuT,ckoRcsahM,1956-07-01,iwhitehead3gmail.com,true,Mr.,James,Raymond,Rice,DDS,24864 Savage Lakes Apt. 902,0,Dawnberg,county_3,FL,74099,528 Thomas Rue,7,Lewisberg,county_4,AK,47133,democrat,asian,347-763-4402,landline,true,true,true,false,true,false,false,2022-11-01 00:00:00,true,true,true,Web,5371,932,office_2,8333,Ms.,true,true,false,male,org_1,WwibCpSUs,MS,7990,2021-11-20 00:00:00,2021-11-20 02:00:00
0c2c67f2-400a-45f7-a162-2fd180a04f2f,Step 2,aAPolySRE,iBSseQlWY,1914-04-10,evillanuevahotmail.com,true,Mr.,Michael,Theresa,Pearson,V,9951 Chase Brooks Apt. 204,4,North Dawntown,county_6,KY,14436,260 Jeff Estates Suite 809,4,East Brendaton,county_4,WY,88062,democrat,unknown,(902)193-3451,other,true,false,true,false,true,true,true,2022-05-16 00:00:00,false,true,true,Tablet,6339,4648,office_1,1384,Ms.,false,true,false,male,org_3,IXtQcWtfE,NY,2295,2022-06-30 00:00:00,2022-06-30 02:00:00
2cb35c31-0d7a-428d-989c-0c1e9301ee1a,Step 2,JxvOAwMFl,LSZXmtBwm,2005-10-15,roberta939hotmail.com,false,Ms.,Karen,Cynthia,Rogers,MD,950 Clarke Meadow Suite 043,6,New Jefffort,county_3,MN,61859,780 John Crescent Apt. 233,4,New Davidton,county_3,WA,01382,independent,black,001-093-559-9049,mobile,false,false,false,false,true,true,true,2022-04-07 00:00:00,false,true,false,API,2306,2667,office_5,3705,Ind.,false,true,true,female,org_4,xnBUeehkw,WA,6410,2022-04-13 00:00:00,2022-04-13 02:00:00
50430ef4-39db-43c8-a779-3c9337c64274,Step 2,ZxtfyVgRi,qguzFCtew,1955-05-21,rosaleskathryn7yahoo.com,false,Mx.,Christopher,Bridget,Cabrera,DVM,140 Sarah Oval,8,East Luis,county_6,OR,01504,21530 Montgomery Cliff Suite 966,4,Angelaport,county_8,MT,55268,republican,other,151-808-0722,landline,true,true,false,true,true,true,true,2022-01-02 00:00:00,false,true,false,Tablet,8363,8216,office_7,7198,Misc.,true,true,false,female,org_4,KMRFexIdp,NV,6863,2021-12-06 00:00:00,2021-12-06 02:00:00
d60fb4b1-9968-4190-9d96-0f98b37be14e,Step 2,oCKhXfTRc,sTlTDdzSF,1923-05-26,marc674hotmail.com,true,Dr.,Meghan,Regina,Martinez,PhD,297 Rebecca Neck Suite 767,7,Victorport,county_3,FL,21173,547 Alexander Crescent,4,Timothyfurt,county_1,LA,81644,independent,other,(834)892-6496x1886,other,false,true,true,true,false,false,false,2022-08-28 00:00:00,false,false,true,API,6794,4172,office_2,1140,Mx.,true,true,false,male,org_4,RFaNafZFp,NJ,7043,2022-01-23 00:00:00,2022-01-23 02:00:00
7a8d8aa4-1650-4710-951e-3a311116bce7,Step 2,eixXiOnQX,ZFVIXYmCS,1991-01-17,sreid3hotmail.com,false,Mr.,Joel,Christopher,Ferrell,II,404 Lori Park Suite 444,4,Hughesmouth,county_4,PA,45972,07692 Shaw Forges,6,Douglasville,county_4,NM,21521,independent,asian,814.393.8076,landline,false,false,true,false,true,true,false,2022-07-13 00:00:00,true,true,true,Web,6244,2417,office_7,682,Dr.,false,false,false,male,org_3,fmpMfcpiR,MS,5661,2022-07-13 00:00:00,2022-07-13 02:00:00
8918b682-4f4a-453e-b430-051376e31f5a,Step 2,nRWnUZBBG,bLLdAHLlg,1997-02-14,hdiaz5gmail.com,false,Dr.,Kyle,Nancy,Gutierrez,IV,07067 Clark Radial Apt. 040,5,Savannahland,county_4,VI,64784,95672 Foster Crossing,4,North Christophermouth,county_7,IL,91288,democrat,nativeAmerican,+1-707-457-2547x876,landline,false,true,false,true,true,false,false,2022-02-14 00:00:00,false,false,false,API,1381,9599,office_2,1165,Dr.,true,false,true,male,org_1,ZfRZPcisy,IN,5397,2022-04-25 00:00:00,2022-04-25 02:00:00
c5ce51e0-036e-42cb-8fb9-a0255c85aadd,Step 2,zMjTdMPAe,ukHHpgqZq,1953-06-03,rle4yahoo.com,true,Misc.,Adam,Melinda,Curry,MD,6697 Butler Avenue,4,North Victoriastad,county_4,IL,12585,5015 White Shoals Apt. 447,8,Kellymouth,county_8,NE,51243,democrat,black,821-567-9166,landline,false,true,false,true,false,false,false,2022-03-25 00:00:00,false,false,false,Tablet,9931,1360,office_1,2826,Miss,false,true,true,female,org_4,XtzSpQBZG,KY,9923,2022-03-31 00:00:00,2022-03-31 02:00:00
16307675-736f-4edd-b1f4-14f3c51fa8e2,Step 2,NlQNLReYT,wAIENKyra,2006-01-17,rachelwellshotmail.com,true,Dr.,Zachary,Thomas,Henderson,MD,6606 Gonzalez Lock,8,Annberg,county_8,ND,69060,591 Chapman Cape,1,Lake Brandy,county_8,KY,57973,democrat,other,950-794-4833,landline,false,true,true,false,true,false,true,2022-09-08 00:00:00,false,false,false,API,907,5423,office_1,6072,Miss,false,true,false,male,org_3,XSrnOLyks,NV,6028,2021-12-21 00:00:00,2021-12-21 02:00:00
0105b3ca-da02-47d9-aae0-539270c5850e,Step 2,jFBfAJlZs,oTTgXfHZp,1985-04-17,dnelson6hotmail.com,false,Mx.,Jeff,Stacey,Lopez,IV,54617 Thomas Turnpike Suite 373,6,Saraborough,county_4,TX,25345,678 Byrd Turnpike Apt. 034,0,Gouldstad,county_6,IN,45382,independent,black,+1-988-552-7631x745,mobile,false,true,false,false,true,true,true,2022-03-11 00:00:00,false,true,true,Tablet,8867,1572,office_3,5470,Dr.,false,true,true,other,org_3,IWyUNKuDZ,IN,1702,2022-05-29 00:00:00,2022-05-29 02:00:00
6921b029-3c8c-45e2-843d-59cfca4464b0,Step 2,TrtasTGMF,pjiUWmLtS,1996-05-23,desiree552hotmail.com,false,Dr.,Peter,Joshua,Owens,III,17225 Martin River,0,Dariusberg,county_8,PA,67060,067 Bird Knolls Apt. 460,0,Wilsonhaven,county_1,DE,90344,independent,unknown,2562293202,other,false,true,false,false,true,true,false,2022-08-31 00:00:00,false,true,true,Tablet,5939,318,office_2,2216,Dr.,false,true,false,male,org_5,YuzCdfNDw,NJ,1253,2022-06-13 00:00:00,2022-06-13 02:00:00
9c97beb6-47a1-499f-be01-75817a50355e,Step 2,JRlkiPVOY,YlOqZTfOr,1950-11-03,lisa744yahoo.com,false,Mx.,Tammy,Jennifer,Ray,IV,165 Davis Forest Suite 878,1,West Kristenshire,county_2,AZ,04214,767 Kyle Junction,0,Littlemouth,county_4,DE,84542,democrat,nativeAmerican,001-739-946-9574x4691,landline,true,true,false,false,false,false,false,2022-03-29 00:00:00,true,false,true,API,8749,1259,office_2,7176,Dr.,false,true,true,female,org_2,hbORIFbEl,MT,1815,2022-10-23 00:00:00,2022-10-23 02:00:00
e094b53a-cd33-4aa6-be14-92482461e6b6,Step 2,UHhxfTgmK,sDHtUfSFM,1992-03-22,bwalton1gmail.com,true,Mrs.,Amber,Samantha,Weeks,DDS,5268 Rollins Crossing Apt. 550,0,West Kimberly,county_4,SD,27726,46123 Bartlett Harbors Suite 205,1,New Jonborough,county_7,TN,87043,independent,other,+1-734-365-0977x87576,landline,true,true,true,true,true,true,true,2022-08-04 00:00:00,true,true,true,API,7724,441,office_2,4933,Ind.,true,false,false,male,org_1,ScexbpQkx,CO,2756,2022-09-13 00:00:00,2022-09-13 02:00:00
c3cc5cf6-3e0d-4447-909f-d27e2f9afa2c,Step 2,VRNiGoTPV,bckQStzEa,1930-09-06,reginald445gmail.com,true,Mrs.,Mitchell,James,Kelly,Jr.,730 Mark Bypass,3,Butlerborough,county_5,WA,03307,614 Robert Isle Apt. 246,2,Reyesfurt,county_2,CT,24712,independent,asian,(680)445-2459x42405,other,true,false,true,true,false,true,true,2022-05-28 00:00:00,true,false,true,API,4836,7122,office_5,3314,Dr.,false,false,false,male,org_3,UnarRdcbS,GA,8117,2022-03-20 00:00:00,2022-03-20 02:00:00
a7c95631-ed93-43a3-a37d-32dacff64246,Step 2,VPEPYQtyy,xRSfZFdvc,1935-01-20,laurencook5yahoo.com,true,Mr.,Lisa,Charles,Barnett,III,40731 Michael Shore Apt. 418,0,South David,county_2,IA,49485,73979 Mcdowell Ranch,6,Hutchinsonfurt,county_7,MN,82628,democrat,nativeAmerican,(833)659-9281x68502,other,false,false,true,false,false,false,false,2022-01-01 00:00:00,true,true,true,Tablet,4487,7763,office_4,5478,Mr.,true,true,false,male,org_4,pbejpIYoe,WA,3279,2022-10-15 00:00:00,2022-10-15 02:00:00
8a26cf8f-5ff7-4c16-ad42-4e988e2cab60,Step 2,wcifgzOnX,zcbOAyhnE,1979-10-20,megan01yahoo.com,false,Miss,Thomas,Lisa,Ballard,DDS,62111 David Lock Suite 581,9,South Brent,county_7,FL,83326,640 Brian Spring Suite 056,6,Stephanieport,county_4,VI,13109,democrat,hispanic,819.143.6402x68209,landline,true,false,true,true,true,true,true,2022-05-28 00:00:00,false,false,true,API,6167,1596,office_1,856,Ind.,true,true,false,male,org_3,GsJNOSmJR,LA,8225,2022-01-09 00:00:00,2022-01-09 02:00:00
062c215e-d709-4000-ae67-72f44d6013aa,Step 2,EKqRrpDTD,xHNDQpJIk,1969-07-29,stephanie56gmail.com,false,Mx.,David,Carly,Weber,II,679 Gentry Point,5,East Jesus,county_3,MT,59634,264 Hudson Lodge Suite 450,6,East Shawnville,county_1,MN,42773,independent,asian,001-625-189-7693x7190,landline,true,true,false,true,false,false,true,2021-11-09 00:00:00,true,false,false,API,81,7899,office_4,3652,Dr.,true,true,true,male,org_4,KMUFDWrfG,IL,9390,2022-03-28 00:00:00,2022-03-28 02:00:00
f6adde3b-497d-4418-9ac0-362b9106f4eb,Step 2,BMBPgIlPM,oNOieDfMj,1972-02-25,hernandezjamesyahoo.com,false,Ms.,Damon,Matthew,Kim,PhD,5000 Jamie Centers Suite 833,3,North Anthonyfurt,county_2,MT,74334,800 David Well Apt. 314,8,Danielburgh,county_5,ID,97002,independent,nativeAmerican,(001)770-9035,other,true,true,false,true,false,true,true,2022-01-20 00:00:00,true,false,true,Web,1913,4474,office_3,5305,Mx.,true,false,true,female,org_4,ChFzPuTdD,AZ,7037,2022-05-03 00:00:00,2022-05-03 02:00:00
84c29c25-54fd-4c86-8f0d-f6f1f5944ecb,Step 2,gjHSRzMxc,SAFyWVffF,1970-03-05,yhortonhotmail.com,true,Dr.,Phillip,Mary,Salazar,DDS,879 Fisher Streets Apt. 892,3,Lake Jason,county_1,AR,55474,8725 Anderson Avenue,0,Gutierrezberg,county_3,WA,74027,republican,other,(112)333-1503,landline,true,false,false,false,false,false,true,2022-03-15 00:00:00,true,false,false,Web,3972,2144,office_4,3932,Ind.,true,false,false,male,org_3,SFHclKpfw,AK,7853,2022-09-05 00:00:00,2022-09-05 02:00:00
e5f6e0d2-6b7d-47cd-8ea7-1176b5cbe10f,Step 2,ZsQkfRitK,zxJFeWNqR,1970-04-10,david895hotmail.com,true,Dr.,Amanda,Paige,Munoz,DDS,009 Sims Islands Apt. 784,7,Tamifurt,county_6,AL,74119,73879 Daniel Lock Apt. 696,2,Bucktown,county_7,MT,83304,republican,nativeAmerican,138-440-0505x4663,mobile,false,false,true,false,false,false,false,2022-04-28 00:00:00,false,true,true,Web,7710,8844,office_1,1558,Dr.,false,true,false,male,org_3,ImOIVBfPh,SD,3175,2021-11-11 00:00:00,2021-11-11 02:00:00
512b2a11-5842-4613-968d-bc6882f8d0d1,Step 2,hUfnvJrVf,ODqsfLQOh,1931-11-05,weberravenyahoo.com,false,Dr.,Michael,Thomas,Shaw,DVM,2566 Taylor Port,6,South Richardtown,county_8,LA,27373,42885 Vicki Knoll,3,Albertshire,county_6,MA,89061,republican,black,(460)314-9047x67715,landline,false,false,false,true,false,true,true,2022-09-21 00:00:00,true,false,false,API,5821,7691,office_1,9000,Miss,true,true,true,other,org_2,OidkQQfna,KS,8765,2022-07-17 00:00:00,2022-07-17 02:00:00
71d0b236-3a89-4c34-8a16-490d04e95bdd,Step 2,exJCRrUtt,PeicleYBm,1910-08-20,shannon40hotmail.com,true,Dr.,Ryan,Andrew,Kim,IV,47582 Moore Haven Apt. 346,0,Garcialand,county_4,AR,57718,4311 Bates Mountains Suite 677,3,Lake Christopherburgh,county_7,MN,90740,democrat,hispanic,699.770.3189x25957,mobile,true,false,false,true,false,true,false,2022-07-08 00:00:00,true,true,false,Tablet,4790,8256,office_1,4164,Ms.,true,false,true,other,org_3,zUgKXooZs,AR,1439,2022-04-01 00:00:00,2022-04-01 02:00:00
91054c72-cb3c-470d-a46d-f2ef8f8cf839,Step 2,AMWhyvwRv,NFLOpYVSr,1915-04-28,angelaolson4hotmail.com,false,Dr.,Margaret,Adam,Cole,II,60045 Johnson Meadows,1,Boydborough,county_5,UT,68083,531 Margaret Curve,3,Richardborough,county_3,UT,00807,independent,asian,586-679-2214x533,other,true,true,false,true,true,false,true,2022-07-04 00:00:00,false,false,false,Web,3473,4783,office_5,2033,Ms.,false,false,true,other,org_3,gmZMDGRIJ,OR,374,2021-12-31 00:00:00,2021-12-31 02:00:00
992b2e20-2781-4f6b-a04f-5d872ef2e6aa,Step 2,NmfZGzIyM,aFcKkCWmz,2006-07-10,velazquezdawngmail.com,true,Mr.,Joseph,Debbie,James,Jr.,2036 Alicia Alley,8,West Roytown,county_8,FL,23168,4095 Daniel Square,4,East Davidton,county_5,SC,79251,republican,unknown,+1-968-123-7069,landline,true,true,false,true,false,false,true,2022-08-14 00:00:00,false,true,true,Tablet,3613,8092,office_6,4979,Ind.,false,true,true,female,org_2,iMOUoOtQX,CT,9994,2022-05-17 00:00:00,2022-05-17 02:00:00
57f2ed23-48b2-4dcd-ab7b-fa00844aec21,Step 2,uikEvxUle,AJsGqZRTA,1972-10-08,amandasuarezgmail.com,false,Dr.,William,Calvin,King,MD,33377 Howard Squares Apt. 398,1,West Sarah,county_4,CO,36105,268 Jones Court Suite 587,3,South Susan,county_6,NH,91615,republican,unknown,001-479-792-7989x8747,landline,false,false,false,false,true,false,false,2022-09-11 00:00:00,true,true,true,API,1004,5451,office_8,2056,Misc.,false,true,true,male,org_2,NriDYdZxH,NC,8624,2022-10-06 00:00:00,2022-10-06 02:00:00
7f5a2b17-e888-488f-a926-8b41d6448723,Step 2,XcPTFsWrE,FbPRPbMbA,1979-08-13,philipsimongmail.com,true,Dr.,Benjamin,Pamela,Coleman,V,4582 Medina Drive,5,Lake Markborough,county_2,VA,72924,117 Evans Garden,1,Catherineburgh,county_4,UT,86965,republican,black,722-445-5484x695,other,true,true,true,true,true,false,true,2022-11-05 00:00:00,false,false,true,Tablet,1563,7451,office_2,655,Mx.,true,false,false,other,org_2,MDcYVuhks,ME,4105,2021-11-17 00:00:00,2021-11-17 02:00:00
c838892b-1afa-4aff-a5da-50e20585f1c6,Step 2,hmVXpGIuT,ckoRcsahM,1956-07-01,iwhitehead3gmail.com,true,Mr.,James,Raymond,Rice,DDS,24864 Savage Lakes Apt. 902,0,Dawnberg,county_3,FL,74099,528 Thomas Rue,7,Lewisberg,county_4,AK,47133,democrat,asian,347-763-4402,landline,true,true,true,false,true,false,false,2022-11-01 00:00:00,true,true,true,Web,5371,932,office_2,8333,Ms.,true,true,false,male,org_1,WwibCpSUs,MS,7990,2021-11-20 00:00:00,2021-11-20 02:00:00
1cb0a312-4978-4137-8624-857a2c2af60d,Step 1,IWBgvHpTG,qkkDTpzwY,1984-11-22,stevenhiggins3hotmail.com,false,Misc.,Brian,Joshua,King,Jr.,8513 Richard Shores Suite 057,8,Santosville,county_1,MO,28881,16834 Tracy Ridge Apt. 096,7,Williamburgh,county_8,UT,27370,democrat,asian,7819757487,mobile,true,false,false,true,true,false,false,2022-11-05 00:00:00,false,true,false,API,2209,886,office_3,8183,Mx.,false,false,true,female,org_1,sJDaxcIyK,NV,3349,2022-10-10 00:00:00,2022-10-10 02:00:00
a62923cd-7f8f-4441-8ef5-4c3dad29b40a,Step 1,ESITtequt,vPYtPPzHf,1976-01-19,petermorenogmail.com,true,Mr.,Jesse,Stephen,Hall,DVM,16535 Jones Mount,5,South Scott,county_5,NH,18046,345 Cory Freeway Suite 352,5,Port Derek,county_5,WI,72669,independent,black,(549)895-6489x1546,landline,true,true,true,false,false,true,true,2022-03-08 00:00:00,true,true,true,Tablet,5747,2737,office_6,1262,Mx.,true,false,true,female,org_5,yIsEOjxum,NM,1557,2021-12-31 00:00:00,2021-12-31 02:00:00
40403a2b-54d2-448c-b44f-fe83c8ac5639,Step 1,AxqfvmpTp,UNcvxPXNd,1926-06-15,melissajordanyahoo.com,true,Misc.,Barbara,Darren,Wong,DDS,06779 Stephens Road Apt. 988,7,Randallmouth,county_3,MT,51094,17921 Chris Inlet Suite 041,5,East Angel,county_7,SD,12549,republican,other,+1-707-317-2802x8800,mobile,false,true,false,true,false,false,true,2021-12-30 00:00:00,true,false,true,Tablet,8849,1909,office_4,1773,Ind.,true,true,false,female,org_4,vNPzTHGXR,GA,8371,2021-12-16 00:00:00,2021-12-16 02:00:00
a08bb559-26c1-4bd7-915b-ebc7d5541b40,Step 1,lymtvBjBi,zuZtZgJgE,1943-12-02,alison743gmail.com,false,Misc.,Dominique,Anthony,Arnold,DDS,69020 Park Mountains,8,Lake Kelseybury,county_3,PA,41465,312 Kathryn Course,7,Sydneyburgh,county_6,TX,36852,independent,caucasian,660-741-4036,landline,true,false,false,false,false,false,false,2022-10-30 00:00:00,true,false,false,Tablet,2798,7334,office_8,5666,Mx.,false,false,true,other,org_2,LECmWEKvt,CA,2792,2022-03-29 00:00:00,2022-03-29 02:00:00
78a9fe3a-dc34-4ceb-a054-2e059ae615fc,Step 1,XNPQKiRtn,ItgaYbmud,1950-04-04,laura578gmail.com,false,Mr.,Justin,Audrey,Lewis,MD,197 Brewer Park Suite 329,4,East Christine,county_6,OR,81211,633 Jose Gateway Apt. 966,1,Myersfort,county_7,LA,28696,democrat,hispanic,8819800666,mobile,false,true,true,true,false,true,false,2022-11-06 00:00:00,false,false,true,API,7539,3623,office_5,405,Mr.,false,true,true,other,org_2,nupIdNjPs,VI,1672,2022-07-13 00:00:00,2022-07-13 02:00:00
ada65998-162b-4c71-8a76-ba4a8ed625f6,Step 1,BTictGQrE,dJwWvRgMx,1921-06-02,michael47yahoo.com,true,Mr.,Matthew,Mary,Smith,DVM,188 Patterson Garden,2,New Brady,county_6,TN,24278,03936 Regina Creek Apt. 338,3,North Heatherland,county_5,OR,85913,democrat,nativeAmerican,886.622.6275x09287,landline,false,false,false,true,false,false,true,2022-10-03 00:00:00,true,true,true,Web,3066,2473,office_7,9335,Miss,false,false,false,female,org_4,BrXowWOcz,PR,457,2022-04-20 00:00:00,2022-04-20 02:00:00
5f2c9ed8-d86d-4c35-9c97-79fe3de2c0a7,Step 1,pIZPUNonL,DpzrLnGka,1962-01-26,psinghgmail.com,false,Dr.,Sara,Megan,Gilbert,V,309 Stephen Route,3,West Randall,county_1,AL,47632,0957 Martinez Mountain,2,Port Nichole,county_8,SC,08742,republican,hispanic,818.440.8831x6229,landline,false,true,true,false,true,false,true,2022-01-04 00:00:00,true,false,true,API,5024,1771,office_4,2545,Ms.,true,true,true,male,org_1,xXeGZTNiw,DC,6941,2022-08-17 00:00:00,2022-08-17 02:00:00
08686952-d57e-4b05-9892-6fddb071be2d,Step 1,BamYyujlr,rZqKoHttK,1963-07-06,ywebb3yahoo.com,false,Mx.,Kenneth,Barbara,Rose,MD,190 Pennington Prairie Suite 188,7,Ericborough,county_6,WY,14408,62838 Mcclain Estates,1,Lisaberg,county_2,VA,49470,independent,hispanic,806.806.8432,other,false,true,true,false,true,false,true,2022-06-08 00:00:00,true,false,true,Tablet,418,6558,office_1,915,Ind.,true,false,true,male,org_1,DvlCdnxqV,NV,4329,2022-07-26 00:00:00,2022-07-26 02:00:00
f2f6e8b4-aab1-44d5-b374-27ebb9c6dcdd,Step 1,ZJAJPWdYQ,ZHzrhCstV,1964-01-07,karenbeardgmail.com,true,Mr.,Joshua,Isabel,Price,Jr.,200 Benjamin Station,4,East Tyler,county_6,TN,11514,921 Roberts Avenue Apt. 403,3,Keithfort,county_8,VI,02625,democrat,asian,(898)361-7782x82492,other,false,true,false,true,true,true,false,2022-09-06 00:00:00,true,false,false,API,4478,6500,office_6,9821,Dr.,false,false,true,female,org_5,pjLvTudZn,PA,805,2022-01-19 00:00:00,2022-01-19 02:00:00
43ca07ba-0020-40d9-8544-723c647dcd81,Step 1,sambmluYr,KmWRSvyLi,1909-10-27,garciarobert5gmail.com,true,Miss,James,Richard,Johnson,Jr.,1372 Morales Squares Suite 936,7,Lake Pamela,county_8,RI,36279,760 Moreno Hills,5,New Samantha,county_7,AR,11409,democrat,other,(254)833-1184,other,false,true,false,false,true,true,true,2021-12-21 00:00:00,true,false,false,Web,7428,8397,office_6,4611,Mrs.,false,false,true,male,org_5,zloMuHAsC,DC,4518,2022-03-27 00:00:00,2022-03-27 02:00:00
67a7ccde-7692-4193-a85b-f57ddaaa7b93,Step 1,UxUPIFbmU,sKcOaQeMi,1919-05-12,smithjenniferhotmail.com,true,Misc.,Michael,Christopher,Becker,DVM,4396 Eugene Key,3,Ryanchester,county_4,HI,52648,2663 Lindsey Wall Apt. 867,1,North Tonyafort,county_3,SC,33242,democrat,asian,+1-050-843-3420x4798,other,false,false,true,false,false,false,true,2021-12-11 00:00:00,true,true,true,Web,1334,5517,office_3,1093,Dr.,false,true,false,male,org_2,IHhIyWlwj,NC,5457,2022-04-07 00:00:00,2022-04-07 02:00:00
8c1a026d-46d7-4cca-9f03-ec0746f17e94,Step 1,DqMxoWSBu,xRSgMmQbF,1936-10-16,josephhartman8gmail.com,true,Mx.,Maria,Ariana,Walters,DDS,831 Brandon Neck,3,West Stephaniestad,county_3,NE,40083,37097 Wendy Squares,8,Coxview,county_2,OK,37894,democrat,hispanic,(351)038-6317x408,other,false,false,true,true,false,true,true,2022-01-06 00:00:00,false,false,false,Web,2655,1453,office_1,2952,Ind.,true,true,false,female,org_3,hZtebUVzn,OK,7528,2022-01-13 00:00:00,2022-01-13 02:00:00
a1f78c92-c9e2-4c69-96ce-b3ede5cb7e35,Step 1,GKLZVgEAC,wHGwemsjh,1954-10-26,kmeyeryahoo.com,false,Dr.,Chelsea,Lydia,Walker,III,1553 Patel Landing,0,Port Jonathanport,county_5,VT,32706,1727 Williams Bridge,4,East Anthony,county_4,MI,03287,democrat,unknown,304.005.6959x9285,landline,true,true,false,true,true,false,true,2022-03-02 00:00:00,true,true,false,Web,6254,5176,office_2,9910,Dr.,false,true,false,female,org_4,hGYVzbSXK,NM,2755,2022-08-27 00:00:00,2022-08-27 02:00:00
0c2c67f2-400a-45f7-a162-2fd180a04f2f,Step 1,aAPolySRE,iBSseQlWY,1914-04-10,evillanuevahotmail.com,true,Mr.,Michael,Theresa,Pearson,V,9951 Chase Brooks Apt. 204,4,North Dawntown,county_6,KY,14436,260 Jeff Estates Suite 809,4,East Brendaton,county_4,WY,88062,democrat,unknown,(902)193-3451,other,true,false,true,false,true,true,true,2022-05-16 00:00:00,false,true,true,Tablet,6339,4648,office_1,1384,Ms.,false,true,false,male,org_3,IXtQcWtfE,NY,2295,2022-06-30 00:00:00,2022-06-30 02:00:00
2cb35c31-0d7a-428d-989c-0c1e9301ee1a,Step 1,JxvOAwMFl,LSZXmtBwm,2005-10-15,roberta939hotmail.com,false,Ms.,Karen,Cynthia,Rogers,MD,950 Clarke Meadow Suite 043,6,New Jefffort,county_3,MN,61859,780 John Crescent Apt. 233,4,New Davidton,county_3,WA,01382,independent,black,001-093-559-9049,mobile,false,false,false,false,true,true,true,2022-04-07 00:00:00,false,true,false,API,2306,2667,office_5,3705,Ind.,false,true,true,female,org_4,xnBUeehkw,WA,6410,2022-04-13 00:00:00,2022-04-13 02:00:00
50430ef4-39db-43c8-a779-3c9337c64274,Step 1,ZxtfyVgRi,qguzFCtew,1955-05-21,rosaleskathryn7yahoo.com,false,Mx.,Christopher,Bridget,Cabrera,DVM,140 Sarah Oval,8,East Luis,county_6,OR,01504,21530 Montgomery Cliff Suite 966,4,Angelaport,county_8,MT,55268,republican,other,151-808-0722,landline,true,true,false,true,true,true,true,2022-01-02 00:00:00,false,true,false,Tablet,8363,8216,office_7,7198,Misc.,true,true,false,female,org_4,KMRFexIdp,NV,6863,2021-12-06 00:00:00,2021-12-06 02:00:00
d60fb4b1-9968-4190-9d96-0f98b37be14e,Step 1,oCKhXfTRc,sTlTDdzSF,1923-05-26,marc674hotmail.com,true,Dr.,Meghan,Regina,Martinez,PhD,297 Rebecca Neck Suite 767,7,Victorport,county_3,FL,21173,547 Alexander Crescent,4,Timothyfurt,county_1,LA,81644,independent,other,(834)892-6496x1886,other,false,true,true,true,false,false,false,2022-08-28 00:00:00,false,false,true,API,6794,4172,office_2,1140,Mx.,true,true,false,male,org_4,RFaNafZFp,NJ,7043,2022-01-23 00:00:00,2022-01-23 02:00:00
7a8d8aa4-1650-4710-951e-3a311116bce7,Step 1,eixXiOnQX,ZFVIXYmCS,1991-01-17,sreid3hotmail.com,false,Mr.,Joel,Christopher,Ferrell,II,404 Lori Park Suite 444,4,Hughesmouth,county_4,PA,45972,07692 Shaw Forges,6,Douglasville,county_4,NM,21521,independent,asian,814.393.8076,landline,false,false,true,false,true,true,false,2022-07-13 00:00:00,true,true,true,Web,6244,2417,office_7,682,Dr.,false,false,false,male,org_3,fmpMfcpiR,MS,5661,2022-07-13 00:00:00,2022-07-13 02:00:00
8918b682-4f4a-453e-b430-051376e31f5a,Step 1,nRWnUZBBG,bLLdAHLlg,1997-02-14,hdiaz5gmail.com,false,Dr.,Kyle,Nancy,Gutierrez,IV,07067 Clark Radial Apt. 040,5,Savannahland,county_4,VI,64784,95672 Foster Crossing,4,North Christophermouth,county_7,IL,91288,democrat,nativeAmerican,+1-707-457-2547x876,landline,false,true,false,true,true,false,false,2022-02-14 00:00:00,false,false,false,API,1381,9599,office_2,1165,Dr.,true,false,true,male,org_1,ZfRZPcisy,IN,5397,2022-04-25 00:00:00,2022-04-25 02:00:00
c5ce51e0-036e-42cb-8fb9-a0255c85aadd,Step 1,zMjTdMPAe,ukHHpgqZq,1953-06-03,rle4yahoo.com,true,Misc.,Adam,Melinda,Curry,MD,6697 Butler Avenue,4,North Victoriastad,county_4,IL,12585,5015 White Shoals Apt. 447,8,Kellymouth,county_8,NE,51243,democrat,black,821-567-9166,landline,false,true,false,true,false,false,false,2022-03-25 00:00:00,false,false,false,Tablet,9931,1360,office_1,2826,Miss,false,true,true,female,org_4,XtzSpQBZG,KY,9923,2022-03-31 00:00:00,2022-03-31 02:00:00
16307675-736f-4edd-b1f4-14f3c51fa8e2,Step 1,NlQNLReYT,wAIENKyra,2006-01-17,rachelwellshotmail.com,true,Dr.,Zachary,Thomas,Henderson,MD,6606 Gonzalez Lock,8,Annberg,county_8,ND,69060,591 Chapman Cape,1,Lake Brandy,county_8,KY,57973,democrat,other,950-794-4833,landline,false,true,true,false,true,false,true,2022-09-08 00:00:00,false,false,false,API,907,5423,office_1,6072,Miss,false,true,false,male,org_3,XSrnOLyks,NV,6028,2021-12-21 00:00:00,2021-12-21 02:00:00
0105b3ca-da02-47d9-aae0-539270c5850e,Step 1,jFBfAJlZs,oTTgXfHZp,1985-04-17,dnelson6hotmail.com,false,Mx.,Jeff,Stacey,Lopez,IV,54617 Thomas Turnpike Suite 373,6,Saraborough,county_4,TX,25345,678 Byrd Turnpike Apt. 034,0,Gouldstad,county_6,IN,45382,independent,black,+1-988-552-7631x745,mobile,false,true,false,false,true,true,true,2022-03-11 00:00:00,false,true,true,Tablet,8867,1572,office_3,5470,Dr.,false,true,true,other,org_3,IWyUNKuDZ,IN,1702,2022-05-29 00:00:00,2022-05-29 02:00:00
6921b029-3c8c-45e2-843d-59cfca4464b0,Step 1,TrtasTGMF,pjiUWmLtS,1996-05-23,desiree552hotmail.com,false,Dr.,Peter,Joshua,Owens,III,17225 Martin River,0,Dariusberg,county_8,PA,67060,067 Bird Knolls Apt. 460,0,Wilsonhaven,county_1,DE,90344,independent,unknown,2562293202,other,false,true,false,false,true,true,false,2022-08-31 00:00:00,false,true,true,Tablet,5939,318,office_2,2216,Dr.,false,true,false,male,org_5,YuzCdfNDw,NJ,1253,2022-06-13 00:00:00,2022-06-13 02:00:00
9c97beb6-47a1-499f-be01-75817a50355e,Step 1,JRlkiPVOY,YlOqZTfOr,1950-11-03,lisa744yahoo.com,false,Mx.,Tammy,Jennifer,Ray,IV,165 Davis Forest Suite 878,1,West Kristenshire,county_2,AZ,04214,767 Kyle Junction,0,Littlemouth,county_4,DE,84542,democrat,nativeAmerican,001-739-946-9574x4691,landline,true,true,false,false,false,false,false,2022-03-29 00:00:00,true,false,true,API,8749,1259,office_2,7176,Dr.,false,true,true,female,org_2,hbORIFbEl,MT,1815,2022-10-23 00:00:00,2022-10-23 02:00:00
e094b53a-cd33-4aa6-be14-92482461e6b6,Step 1,UHhxfTgmK,sDHtUfSFM,1992-03-22,bwalton1gmail.com,true,Mrs.,Amber,Samantha,Weeks,DDS,5268 Rollins Crossing Apt. 550,0,West Kimberly,county_4,SD,27726,46123 Bartlett Harbors Suite 205,1,New Jonborough,county_7,TN,87043,independent,other,+1-734-365-0977x87576,landline,true,true,true,true,true,true,true,2022-08-04 00:00:00,true,true,true,API,7724,441,office_2,4933,Ind.,true,false,false,male,org_1,ScexbpQkx,CO,2756,2022-09-13 00:00:00,2022-09-13 02:00:00
c3cc5cf6-3e0d-4447-909f-d27e2f9afa2c,Step 1,VRNiGoTPV,bckQStzEa,1930-09-06,reginald445gmail.com,true,Mrs.,Mitchell,James,Kelly,Jr.,730 Mark Bypass,3,Butlerborough,county_5,WA,03307,614 Robert Isle Apt. 246,2,Reyesfurt,county_2,CT,24712,independent,asian,(680)445-2459x42405,other,true,false,true,true,false,true,true,2022-05-28 00:00:00,true,false,true,API,4836,7122,office_5,3314,Dr.,false,false,false,male,org_3,UnarRdcbS,GA,8117,2022-03-20 00:00:00,2022-03-20 02:00:00
a7c95631-ed93-43a3-a37d-32dacff64246,Step 1,VPEPYQtyy,xRSfZFdvc,1935-01-20,laurencook5yahoo.com,true,Mr.,Lisa,Charles,Barnett,III,40731 Michael Shore Apt. 418,0,South David,county_2,IA,49485,73979 Mcdowell Ranch,6,Hutchinsonfurt,county_7,MN,82628,democrat,nativeAmerican,(833)659-9281x68502,other,false,false,true,false,false,false,false,2022-01-01 00:00:00,true,true,true,Tablet,4487,7763,office_4,5478,Mr.,true,true,false,male,org_4,pbejpIYoe,WA,3279,2022-10-15 00:00:00,2022-10-15 02:00:00
8a26cf8f-5ff7-4c16-ad42-4e988e2cab60,Step 1,wcifgzOnX,zcbOAyhnE,1979-10-20,megan01yahoo.com,false,Miss,Thomas,Lisa,Ballard,DDS,62111 David Lock Suite 581,9,South Brent,county_7,FL,83326,640 Brian Spring Suite 056,6,Stephanieport,county_4,VI,13109,democrat,hispanic,819.143.6402x68209,landline,true,false,true,true,true,true,true,2022-05-28 00:00:00,false,false,true,API,6167,1596,office_1,856,Ind.,true,true,false,male,org_3,GsJNOSmJR,LA,8225,2022-01-09 00:00:00,2022-01-09 02:00:00
062c215e-d709-4000-ae67-72f44d6013aa,Step 1,EKqRrpDTD,xHNDQpJIk,1969-07-29,stephanie56gmail.com,false,Mx.,David,Carly,Weber,II,679 Gentry Point,5,East Jesus,county_3,MT,59634,264 Hudson Lodge Suite 450,6,East Shawnville,county_1,MN,42773,independent,asian,001-625-189-7693x7190,landline,true,true,false,true,false,false,true,2021-11-09 00:00:00,true,false,false,API,81,7899,office_4,3652,Dr.,true,true,true,male,org_4,KMUFDWrfG,IL,9390,2022-03-28 00:00:00,2022-03-28 02:00:00
f6adde3b-497d-4418-9ac0-362b9106f4eb,Step 1,BMBPgIlPM,oNOieDfMj,1972-02-25,hernandezjamesyahoo.com,false,Ms.,Damon,Matthew,Kim,PhD,5000 Jamie Centers Suite 833,3,North Anthonyfurt,county_2,MT,74334,800 David Well Apt. 314,8,Danielburgh,county_5,ID,97002,independent,nativeAmerican,(001)770-9035,other,true,true,false,true,false,true,true,2022-01-20 00:00:00,true,false,true,Web,1913,4474,office_3,5305,Mx.,true,false,true,female,org_4,ChFzPuTdD,AZ,7037,2022-05-03 00:00:00,2022-05-03 02:00:00
84c29c25-54fd-4c86-8f0d-f6f1f5944ecb,Step 1,gjHSRzMxc,SAFyWVffF,1970-03-05,yhortonhotmail.com,true,Dr.,Phillip,Mary,Salazar,DDS,879 Fisher Streets Apt. 892,3,Lake Jason,county_1,AR,55474,8725 Anderson Avenue,0,Gutierrezberg,county_3,WA,74027,republican,other,(112)333-1503,landline,true,false,false,false,false,false,true,2022-03-15 00:00:00,true,false,false,Web,3972,2144,office_4,3932,Ind.,true,false,false,male,org_3,SFHclKpfw,AK,7853,2022-09-05 00:00:00,2022-09-05 02:00:00
e5f6e0d2-6b7d-47cd-8ea7-1176b5cbe10f,Step 1,ZsQkfRitK,zxJFeWNqR,1970-04-10,david895hotmail.com,true,Dr.,Amanda,Paige,Munoz,DDS,009 Sims Islands Apt. 784,7,Tamifurt,county_6,AL,74119,73879 Daniel Lock Apt. 696,2,Bucktown,county_7,MT,83304,republican,nativeAmerican,138-440-0505x4663,mobile,false,false,true,false,false,false,false,2022-04-28 00:00:00,false,true,true,Web,7710,8844,office_1,1558,Dr.,false,true,false,male,org_3,ImOIVBfPh,SD,3175,2021-11-11 00:00:00,2021-11-11 02:00:00
512b2a11-5842-4613-968d-bc6882f8d0d1,Step 1,hUfnvJrVf,ODqsfLQOh,1931-11-05,weberravenyahoo.com,false,Dr.,Michael,Thomas,Shaw,DVM,2566 Taylor Port,6,South Richardtown,county_8,LA,27373,42885 Vicki Knoll,3,Albertshire,county_6,MA,89061,republican,black,(460)314-9047x67715,landline,false,false,false,true,false,true,true,2022-09-21 00:00:00,true,false,false,API,5821,7691,office_1,9000,Miss,true,true,true,other,org_2,OidkQQfna,KS,8765,2022-07-17 00:00:00,2022-07-17 02:00:00
71d0b236-3a89-4c34-8a16-490d04e95bdd,Step 1,exJCRrUtt,PeicleYBm,1910-08-20,shannon40hotmail.com,true,Dr.,Ryan,Andrew,Kim,IV,47582 Moore Haven Apt. 346,0,Garcialand,county_4,AR,57718,4311 Bates Mountains Suite 677,3,Lake Christopherburgh,county_7,MN,90740,democrat,hispanic,699.770.3189x25957,mobile,true,false,false,true,false,true,false,2022-07-08 00:00:00,true,true,false,Tablet,4790,8256,office_1,4164,Ms.,true,false,true,other,org_3,zUgKXooZs,AR,1439,2022-04-01 00:00:00,2022-04-01 02:00:00
91054c72-cb3c-470d-a46d-f2ef8f8cf839,Step 1,AMWhyvwRv,NFLOpYVSr,1915-04-28,angelaolson4hotmail.com,false,Dr.,Margaret,Adam,Cole,II,60045 Johnson Meadows,1,Boydborough,county_5,UT,68083,531 Margaret Curve,3,Richardborough,county_3,UT,00807,independent,asian,586-679-2214x533,other,true,true,false,true,true,false,true,2022-07-04 00:00:00,false,false,false,Web,3473,4783,office_5,2033,Ms.,false,false,true,other,org_3,gmZMDGRIJ,OR,374,2021-12-31 00:00:00,2021-12-31 02:00:00
992b2e20-2781-4f6b-a04f-5d872ef2e6aa,Step 1,NmfZGzIyM,aFcKkCWmz,2006-07-10,velazquezdawngmail.com,true,Mr.,Joseph,Debbie,James,Jr.,2036 Alicia Alley,8,West Roytown,county_8,FL,23168,4095 Daniel Square,4,East Davidton,county_5,SC,79251,republican,unknown,+1-968-123-7069,landline,true,true,false,true,false,false,true,2022-08-14 00:00:00,false,true,true,Tablet,3613,8092,office_6,4979,Ind.,false,true,true,female,org_2,iMOUoOtQX,CT,9994,2022-05-17 00:00:00,2022-05-17 02:00:00
57f2ed23-48b2-4dcd-ab7b-fa00844aec21,Step 1,uikEvxUle,AJsGqZRTA,1972-10-08,amandasuarezgmail.com,false,Dr.,William,Calvin,King,MD,33377 Howard Squares Apt. 398,1,West Sarah,county_4,CO,36105,268 Jones Court Suite 587,3,South Susan,county_6,NH,91615,republican,unknown,001-479-792-7989x8747,landline,false,false,false,false,true,false,false,2022-09-11 00:00:00,true,true,true,API,1004,5451,office_8,2056,Misc.,false,true,true,male,org_2,NriDYdZxH,NC,8624,2022-10-06 00:00:00,2022-10-06 02:00:00
7f5a2b17-e888-488f-a926-8b41d6448723,Step 1,XcPTFsWrE,FbPRPbMbA,1979-08-13,philipsimongmail.com,true,Dr.,Benjamin,Pamela,Coleman,V,4582 Medina Drive,5,Lake Markborough,county_2,VA,72924,117 Evans Garden,1,Catherineburgh,county_4,UT,86965,republican,black,722-445-5484x695,other,true,true,true,true,true,false,true,2022-11-05 00:00:00,false,false,true,Tablet,1563,7451,office_2,655,Mx.,true,false,false,other,org_2,MDcYVuhks,ME,4105,2021-11-17 00:00:00,2021-11-17 02:00:00
c838892b-1afa-4aff-a5da-50e20585f1c6,Step 1,hmVXpGIuT,ckoRcsahM,1956-07-01,iwhitehead3gmail.com,true,Mr.,James,Raymond,Rice,DDS,24864 Savage Lakes Apt. 902,0,Dawnberg,county_3,FL,74099,528 Thomas Rue,7,Lewisberg,county_4,AK,47133,democrat,asian,347-763-4402,landline,true,true,true,false,true,false,false,2022-11-01 00:00:00,true,true,true,Web,5371,932,office_2,8333,Ms.,true,true,false,male,org_1,WwibCpSUs,MS,7990,2021-11-20 00:00:00,2021-11-20 02:00:00
